datetime,Conditions,vis,humidity,temp,wind_speed,Clear,Haze,Heavy Rain,Light Rain,Light Snow,Mostly Cloudy,Overcast,Partly Cloudy,Rain,Scattered Clouds,Unknown
2016-04-01 00:00:00,Mostly Cloudy,10.0,75.0,64.0,4.6,0,0,0,0,0,1,0,0,0,0,0
2016-04-01 01:00:00,Overcast,10.0,75.0,64.9,6.9,0,0,0,0,0,0,1,0,0,0,0
2016-04-01 02:00:00,Overcast,10.0,73.0,66.0,5.8,0,0,0,0,0,0,1,0,0,0,0
2016-04-01 03:00:00,Overcast,10.0,75.0,66.0,4.6,0,0,0,0,0,0,1,0,0,0,0
2016-04-01 04:00:00,Overcast,10.0,73.0,66.9,6.9,0,0,0,0,0,0,1,0,0,0,0
2016-04-01 05:00:00,Mostly Cloudy,10.0,75.0,66.0,4.6,0,0,0,0,0,1,0,0,0,0,0
2016-04-01 13:00:00,Scattered Clouds,10.0,61.0,72.0,5.8,0,0,0,0,0,0,0,0,0,1,0
2016-04-01 14:00:00,Scattered Clouds,10.0,53.0,75.0,11.5,0,0,0,0,0,0,0,0,0,1,0
2016-04-01 15:00:00,Clear,10.0,46.0,78.1,10.4,1,0,0,0,0,0,0,0,0,0,0
2016-04-01 16:00:00,Partly Cloudy,10.0,45.0,78.1,8.1,0,0,0,0,0,0,0,1,0,0,0
2016-04-01 17:00:00,Partly Cloudy,10.0,45.0,77.0,6.9,0,0,0,0,0,0,0,1,0,0,0
2016-04-01 18:00:00,Light Rain,8.0,59.0,71.1,6.9,0,0,0,1,0,0,0,0,0,0,0
2016-04-01 19:00:00,Mostly Cloudy,10.0,75.0,66.0,3.5,0,0,0,0,0,1,0,0,0,0,0
2016-04-01 20:00:00,Overcast,10.0,65.0,69.1,4.6,0,0,0,0,0,0,1,0,0,0,0
2016-04-01 21:00:00,Scattered Clouds,10.0,63.0,69.1,3.5,0,0,0,0,0,0,0,0,0,1,0
2016-04-01 22:00:00,Mostly Cloudy,10.0,49.0,69.8,3.5,0,0,0,0,0,1,0,0,0,0,0
2016-04-01 23:00:00,Mostly Cloudy,10.0,50.0,62.1,3.5,0,0,0,0,0,1,0,0,0,0,0
2016-04-02 00:00:00,Mostly Cloudy,10.0,50.0,61.0,3.5,0,0,0,0,0,1,0,0,0,0,0
2016-04-02 01:00:00,Mostly Cloudy,10.0,47.0,60.1,5.8,0,0,0,0,0,1,0,0,0,0,0
2016-04-02 02:00:00,Light Rain,10.0,56.0,57.9,5.8,0,0,0,1,0,0,0,0,0,0,0
2016-04-02 03:00:00,Overcast,10.0,60.0,55.9,4.6,0,0,0,0,0,0,1,0,0,0,0
2016-04-02 04:00:00,Overcast,10.0,69.0,54.0,6.9,0,0,0,0,0,0,1,0,0,0,0
2016-04-02 05:00:00,Overcast,10.0,69.0,54.0,5.8,0,0,0,0,0,0,1,0,0,0,0
2016-04-02 07:00:00,Overcast,10.0,66.0,54.0,5.8,0,0,0,0,0,0,1,0,0,0,0
2016-04-02 08:00:00,Overcast,10.0,69.0,54.0,5.8,0,0,0,0,0,0,1,0,0,0,0
2016-04-02 09:00:00,Light Rain,4.0,80.0,50.0,5.8,0,0,0,1,0,0,0,0,0,0,0
2016-04-02 10:00:00,Light Rain,4.0,80.0,48.9,5.8,0,0,0,1,0,0,0,0,0,0,0
2016-04-02 11:00:00,Overcast,10.0,80.0,51.1,5.8,0,0,0,0,0,0,1,0,0,0,0
2016-04-02 12:00:00,Overcast,10.0,71.0,51.1,5.8,0,0,0,0,0,0,1,0,0,0,0
2016-04-02 13:00:00,Overcast,10.0,59.0,52.0,5.8,0,0,0,0,0,0,1,0,0,0,0
2016-04-02 14:00:00,Partly Cloudy,10.0,55.0,55.0,5.8,0,0,0,0,0,0,0,1,0,0,0
2016-04-02 15:00:00,Mostly Cloudy,10.0,59.0,54.0,4.6,0,0,0,0,0,1,0,0,0,0,0
2016-04-02 16:00:00,Scattered Clouds,10.0,51.0,55.0,8.1,0,0,0,0,0,0,0,0,0,1,0
2016-04-02 17:00:00,Mostly Cloudy,10.0,53.0,55.0,5.8,0,0,0,0,0,1,0,0,0,0,0
2016-04-02 18:00:00,Partly Cloudy,10.0,71.0,52.0,3.5,0,0,0,0,0,0,0,1,0,0,0
2016-04-02 19:00:00,Mostly Cloudy,10.0,77.0,50.0,9.2,0,0,0,0,0,1,0,0,0,0,0
2016-04-02 20:00:00,Mostly Cloudy,10.0,80.0,50.0,9.2,0,0,0,0,0,1,0,0,0,0,0
2016-04-02 21:00:00,Clear,10.0,74.0,51.1,8.1,1,0,0,0,0,0,0,0,0,0,0
2016-04-03 00:00:00,Light Rain,8.0,80.0,50.0,8.1,0,0,0,1,0,0,0,0,0,0,0
2016-04-03 01:00:00,Overcast,10.0,82.0,43.0,8.1,0,0,0,0,0,0,1,0,0,0,0
2016-04-03 02:00:00,Overcast,10.0,79.0,41.0,9.2,0,0,0,0,0,0,1,0,0,0,0
2016-04-03 03:00:00,Overcast,10.0,62.0,42.1,9.2,0,0,0,0,0,0,1,0,0,0,0
2016-04-03 04:00:00,Overcast,10.0,60.0,41.0,11.5,0,0,0,0,0,0,1,0,0,0,0
2016-04-03 05:00:00,Overcast,10.0,76.0,37.0,15.0,0,0,0,0,0,0,1,0,0,0,0
2016-04-03 06:00:00,Overcast,10.0,54.0,37.0,18.4,0,0,0,0,0,0,1,0,0,0,0
2016-04-03 07:00:00,Scattered Clouds,10.0,46.0,35.1,18.4,0,0,0,0,0,0,0,0,0,1,0
2016-04-03 08:00:00,Scattered Clouds,10.0,40.0,34.0,16.1,0,0,0,0,0,0,0,0,0,1,0
2016-04-03 09:00:00,Scattered Clouds,10.0,38.0,34.0,17.3,0,0,0,0,0,0,0,0,0,1,0
2016-04-03 10:00:00,Scattered Clouds,10.0,34.0,35.1,20.7,0,0,0,0,0,0,0,0,0,1,0
2016-04-03 11:00:00,Scattered Clouds,10.0,30.0,36.0,17.3,0,0,0,0,0,0,0,0,0,1,0
2016-04-03 12:00:00,Scattered Clouds,10.0,30.0,37.9,11.5,0,0,0,0,0,0,0,0,0,1,0
2016-04-03 13:00:00,Partly Cloudy,10.0,25.0,37.9,15.0,0,0,0,0,0,0,0,1,0,0,0
2016-04-03 14:00:00,Clear,10.0,26.0,39.0,10.4,1,0,0,0,0,0,0,0,0,0,0
2016-04-03 15:00:00,Clear,10.0,23.0,39.9,12.7,1,0,0,0,0,0,0,0,0,0,0
2016-04-03 16:00:00,Clear,10.0,25.0,39.9,13.8,1,0,0,0,0,0,0,0,0,0,0
2016-04-03 17:00:00,Clear,10.0,26.0,39.9,4.6,1,0,0,0,0,0,0,0,0,0,0
2016-04-03 18:00:00,Clear,10.0,26.0,39.9,4.6,1,0,0,0,0,0,0,0,0,0,0
2016-04-03 19:00:00,Clear,10.0,28.0,39.0,4.6,1,0,0,0,0,0,0,0,0,0,0
2016-04-03 20:00:00,Partly Cloudy,10.0,30.0,37.9,4.6,0,0,0,0,0,0,0,1,0,0,0
2016-04-03 21:00:00,Mostly Cloudy,10.0,30.0,37.9,4.6,0,0,0,0,0,1,0,0,0,0,0
2016-04-03 23:00:00,Overcast,10.0,32.0,37.9,4.6,0,0,0,0,0,0,1,0,0,0,0
2016-04-04 01:00:00,Overcast,10.0,41.0,37.0,6.9,0,0,0,0,0,0,1,0,0,0,0
2016-04-04 02:00:00,Overcast,10.0,41.0,36.0,6.9,0,0,0,0,0,0,1,0,0,0,0
2016-04-04 03:00:00,Mostly Cloudy,10.0,43.0,36.0,8.1,0,0,0,0,0,1,0,0,0,0,0
2016-04-04 04:00:00,Overcast,10.0,46.0,37.0,9.2,0,0,0,0,0,0,1,0,0,0,0
2016-04-04 05:00:00,Overcast,10.0,51.0,37.9,6.9,0,0,0,0,0,0,1,0,0,0,0
2016-04-04 06:00:00,Light Snow,4.0,59.0,37.0,5.8,0,0,0,0,1,0,0,0,0,0,0
2016-04-04 07:00:00,Light Rain,9.0,73.0,39.0,4.6,0,0,0,1,0,0,0,0,0,0,0
2016-04-04 08:00:00,Light Rain,10.0,79.0,39.0,5.8,0,0,0,1,0,0,0,0,0,0,0
2016-04-04 09:00:00,Unknown,10.0,,,5.8,0,0,0,0,0,0,0,0,0,0,1
2016-04-04 10:00:00,Mostly Cloudy,9.0,75.0,43.0,3.5,0,0,0,0,0,1,0,0,0,0,0
2016-04-04 11:00:00,Light Rain,4.0,82.0,43.0,4.6,0,0,0,1,0,0,0,0,0,0,0
2016-04-04 12:00:00,Light Rain,4.0,89.0,43.0,4.6,0,0,0,1,0,0,0,0,0,0,0
2016-04-04 13:00:00,Light Rain,5.0,89.0,43.0,4.6,0,0,0,1,0,0,0,0,0,0,0
2016-04-04 14:00:00,Rain,1.5,89.0,44.1,4.6,0,0,0,0,0,0,0,0,1,0,0
2016-04-04 15:00:00,Light Rain,2.0,89.0,44.1,5.8,0,0,0,1,0,0,0,0,0,0,0
2016-04-04 16:00:00,Rain,2.5,89.0,41.0,6.9,0,0,0,0,0,0,0,0,1,0,0
2016-04-04 17:00:00,Light Rain,4.0,89.0,39.0,9.2,0,0,0,1,0,0,0,0,0,0,0
2016-04-04 18:00:00,Overcast,10.0,86.0,36.0,12.7,0,0,0,0,0,0,1,0,0,0,0
2016-04-04 19:00:00,Overcast,10.0,85.0,34.0,9.2,0,0,0,0,0,0,1,0,0,0,0
2016-04-04 20:00:00,Overcast,10.0,78.0,33.1,11.5,0,0,0,0,0,0,1,0,0,0,0
2016-04-04 21:00:00,Overcast,10.0,75.0,33.1,9.2,0,0,0,0,0,0,1,0,0,0,0
2016-04-04 22:00:00,Overcast,10.0,73.0,32.0,9.2,0,0,0,0,0,0,1,0,0,0,0
2016-04-04 23:00:00,Overcast,10.0,72.0,30.9,5.8,0,0,0,0,0,0,1,0,0,0,0
2016-04-05 00:00:00,Overcast,10.0,69.0,30.0,13.8,0,0,0,0,0,0,1,0,0,0,0
2016-04-05 01:00:00,Overcast,10.0,64.0,28.9,8.1,0,0,0,0,0,0,1,0,0,0,0
2016-04-05 02:00:00,Overcast,10.0,66.0,28.0,8.1,0,0,0,0,0,0,1,0,0,0,0
2016-04-05 03:00:00,Overcast,10.0,56.0,28.0,13.8,0,0,0,0,0,0,1,0,0,0,0
2016-04-05 04:00:00,Overcast,10.0,51.0,27.0,10.4,0,0,0,0,0,0,1,0,0,0,0
2016-04-05 05:00:00,Overcast,10.0,51.0,27.0,6.9,0,0,0,0,0,0,1,0,0,0,0
2016-04-05 06:00:00,Unknown,10.0,,,6.9,0,0,0,0,0,0,0,0,0,0,1
2016-04-05 07:00:00,Clear,10.0,45.0,27.0,8.1,1,0,0,0,0,0,0,0,0,0,0
2016-04-05 08:00:00,Clear,10.0,43.0,28.0,10.4,1,0,0,0,0,0,0,0,0,0,0
2016-04-05 09:00:00,Clear,10.0,40.0,30.0,13.8,1,0,0,0,0,0,0,0,0,0,0
2016-04-05 10:00:00,Clear,10.0,35.0,32.0,8.1,1,0,0,0,0,0,0,0,0,0,0
2016-04-05 11:00:00,Clear,10.0,32.0,34.0,11.5,1,0,0,0,0,0,0,0,0,0,0
2016-04-05 12:00:00,Clear,10.0,27.0,36.0,10.4,1,0,0,0,0,0,0,0,0,0,0
2016-04-05 13:00:00,Clear,10.0,27.0,39.0,8.1,1,0,0,0,0,0,0,0,0,0,0
2016-04-05 14:00:00,Clear,10.0,24.0,39.0,4.6,1,0,0,0,0,0,0,0,0,0,0
2016-04-05 15:00:00,Clear,10.0,24.0,42.1,9.2,1,0,0,0,0,0,0,0,0,0,0
2016-04-05 16:00:00,Clear,10.0,21.0,41.0,11.5,1,0,0,0,0,0,0,0,0,0,0
2016-04-05 17:00:00,Clear,10.0,19.0,41.0,4.6,1,0,0,0,0,0,0,0,0,0,0
2016-04-05 18:00:00,Clear,10.0,19.0,39.9,4.6,1,0,0,0,0,0,0,0,0,0,0
2016-04-05 19:00:00,Clear,10.0,20.0,39.0,6.9,1,0,0,0,0,0,0,0,0,0,0
2016-04-05 20:00:00,Clear,10.0,20.0,37.9,5.8,1,0,0,0,0,0,0,0,0,0,0
2016-04-05 21:00:00,Clear,10.0,22.0,37.0,5.8,1,0,0,0,0,0,0,0,0,0,0
2016-04-05 22:00:00,Clear,10.0,26.0,36.0,9.2,1,0,0,0,0,0,0,0,0,0,0
2016-04-05 23:00:00,Clear,10.0,34.0,33.1,9.2,1,0,0,0,0,0,0,0,0,0,0
2016-04-06 00:00:00,Clear,10.0,34.0,33.1,9.2,1,0,0,0,0,0,0,0,0,0,0
2016-04-06 01:00:00,Clear,10.0,32.0,32.0,9.2,1,0,0,0,0,0,0,0,0,0,0
2016-04-06 02:00:00,Clear,10.0,32.0,32.0,9.2,1,0,0,0,0,0,0,0,0,0,0
2016-04-06 03:00:00,Clear,10.0,33.0,30.9,3.5,1,0,0,0,0,0,0,0,0,0,0
2016-04-06 04:00:00,Clear,10.0,33.0,30.9,5.8,1,0,0,0,0,0,0,0,0,0,0
2016-04-06 05:00:00,Clear,10.0,33.0,30.0,4.6,1,0,0,0,0,0,0,0,0,0,0
2016-04-06 06:00:00,Clear,10.0,43.0,30.0,4.6,1,0,0,0,0,0,0,0,0,0,0
2016-04-06 07:00:00,Clear,10.0,42.0,32.0,4.6,1,0,0,0,0,0,0,0,0,0,0
2016-04-06 08:00:00,Clear,10.0,38.0,34.0,4.6,1,0,0,0,0,0,0,0,0,0,0
2016-04-06 09:00:00,Clear,10.0,33.0,37.0,3.5,1,0,0,0,0,0,0,0,0,0,0
2016-04-06 10:00:00,Clear,10.0,28.0,43.0,8.1,1,0,0,0,0,0,0,0,0,0,0
2016-04-06 11:00:00,Clear,10.0,25.0,44.1,6.9,1,0,0,0,0,0,0,0,0,0,0
2016-04-06 12:00:00,Clear,10.0,30.0,45.0,4.6,1,0,0,0,0,0,0,0,0,0,0
2016-04-06 13:00:00,Clear,10.0,33.0,45.0,6.9,1,0,0,0,0,0,0,0,0,0,0
2016-04-06 14:00:00,Partly Cloudy,10.0,34.0,45.0,5.8,0,0,0,0,0,0,0,1,0,0,0
2016-04-06 15:00:00,Mostly Cloudy,10.0,40.0,44.1,5.8,0,0,0,0,0,1,0,0,0,0,0
2016-04-06 16:00:00,Mostly Cloudy,10.0,42.0,43.0,11.5,0,0,0,0,0,1,0,0,0,0,0
2016-04-06 17:00:00,Clear,10.0,39.0,45.0,16.1,1,0,0,0,0,0,0,0,0,0,0
2016-04-06 18:00:00,Clear,10.0,47.0,44.1,15.0,1,0,0,0,0,0,0,0,0,0,0
2016-04-06 19:00:00,Clear,10.0,55.0,44.1,10.4,1,0,0,0,0,0,0,0,0,0,0
2016-04-06 20:00:00,Clear,10.0,63.0,44.1,3.5,1,0,0,0,0,0,0,0,0,0,0
2016-04-06 21:00:00,Clear,10.0,65.0,45.0,3.5,1,0,0,0,0,0,0,0,0,0,0
2016-04-06 22:00:00,Clear,10.0,68.0,46.0,6.9,1,0,0,0,0,0,0,0,0,0,0
2016-04-06 23:00:00,Clear,10.0,71.0,46.9,4.6,1,0,0,0,0,0,0,0,0,0,0
2016-04-07 00:00:00,Overcast,10.0,71.0,48.2,4.6,0,0,0,0,0,0,1,0,0,0,0
2016-04-07 01:00:00,Overcast,10.0,74.0,48.0,5.8,0,0,0,0,0,0,1,0,0,0,0
2016-04-07 02:00:00,Overcast,10.0,77.0,48.0,6.9,0,0,0,0,0,0,1,0,0,0,0
2016-04-07 03:00:00,Clear,10.0,77.0,48.9,4.6,1,0,0,0,0,0,0,0,0,0,0
2016-04-07 04:00:00,Scattered Clouds,10.0,71.0,52.0,3.5,0,0,0,0,0,0,0,0,0,1,0
2016-04-07 05:00:00,Partly Cloudy,10.0,71.0,53.1,5.8,0,0,0,0,0,0,0,1,0,0,0
2016-04-07 06:00:00,Scattered Clouds,10.0,69.0,54.0,5.8,0,0,0,0,0,0,0,0,0,1,0
2016-04-07 07:00:00,Clear,10.0,72.0,54.0,12.7,1,0,0,0,0,0,0,0,0,0,0
2016-04-07 08:00:00,Mostly Cloudy,10.0,77.0,54.0,6.9,0,0,0,0,0,1,0,0,0,0,0
2016-04-07 09:00:00,Partly Cloudy,10.0,72.0,55.9,9.2,0,0,0,0,0,0,0,1,0,0,0
2016-04-07 10:00:00,Mostly Cloudy,10.0,74.0,55.0,12.7,0,0,0,0,0,1,0,0,0,0,0
2016-04-07 11:00:00,Overcast,9.0,80.0,55.0,6.9,0,0,0,0,0,0,1,0,0,0,0
2016-04-07 12:00:00,Light Rain,6.0,83.0,55.0,5.8,0,0,0,1,0,0,0,0,0,0,0
2016-04-07 13:00:00,Overcast,7.0,89.0,53.1,6.9,0,0,0,0,0,0,1,0,0,0,0
2016-04-07 14:00:00,Overcast,7.0,86.0,55.0,8.1,0,0,0,0,0,0,1,0,0,0,0
2016-04-07 15:00:00,Overcast,7.0,88.0,55.4,8.1,0,0,0,0,0,0,1,0,0,0,0
2016-04-07 16:00:00,Overcast,10.0,67.0,57.0,3.5,0,0,0,0,0,0,1,0,0,0,0
2016-04-07 17:00:00,Mostly Cloudy,10.0,57.0,57.0,12.7,0,0,0,0,0,1,0,0,0,0,0
2016-04-07 18:00:00,Scattered Clouds,10.0,55.0,57.0,4.6,0,0,0,0,0,0,0,0,0,1,0
2016-04-07 19:00:00,Clear,10.0,53.0,55.9,4.6,1,0,0,0,0,0,0,0,0,0,0
2016-04-07 20:00:00,Clear,10.0,51.0,55.0,3.5,1,0,0,0,0,0,0,0,0,0,0
2016-04-07 21:00:00,Overcast,10.0,51.0,55.4,4.6,0,0,0,0,0,0,1,0,0,0,0
2016-04-07 22:00:00,Partly Cloudy,10.0,57.0,54.0,6.9,0,0,0,0,0,0,0,1,0,0,0
2016-04-07 23:00:00,Clear,10.0,61.0,52.0,11.5,1,0,0,0,0,0,0,0,0,0,0
2016-04-08 00:00:00,Clear,10.0,59.0,50.0,4.6,1,0,0,0,0,0,0,0,0,0,0
2016-04-08 01:00:00,Clear,10.0,59.0,48.9,10.4,1,0,0,0,0,0,0,0,0,0,0
2016-04-08 02:00:00,Clear,10.0,63.0,48.0,9.2,1,0,0,0,0,0,0,0,0,0,0
2016-04-08 03:00:00,Overcast,10.0,61.0,48.0,8.1,0,0,0,0,0,0,1,0,0,0,0
2016-04-08 04:00:00,Clear,10.0,60.0,45.0,5.8,1,0,0,0,0,0,0,0,0,0,0
2016-04-08 05:00:00,Clear,10.0,53.0,45.0,4.6,1,0,0,0,0,0,0,0,0,0,0
2016-04-08 06:00:00,Overcast,10.0,34.0,46.4,8.1,0,0,0,0,0,0,1,0,0,0,0
2016-04-08 07:00:00,Clear,10.0,58.0,44.1,10.4,1,0,0,0,0,0,0,0,0,0,0
2016-04-08 08:00:00,Mostly Cloudy,10.0,56.0,45.0,10.4,0,0,0,0,0,1,0,0,0,0,0
2016-04-08 09:00:00,Overcast,10.0,52.0,46.9,8.1,0,0,0,0,0,0,1,0,0,0,0
2016-04-08 10:00:00,Overcast,10.0,47.0,46.0,12.7,0,0,0,0,0,0,1,0,0,0,0
2016-04-08 11:00:00,Overcast,10.0,44.0,46.0,6.9,0,0,0,0,0,0,1,0,0,0,0
2016-04-08 12:00:00,Overcast,10.0,42.0,46.9,8.1,0,0,0,0,0,0,1,0,0,0,0
2016-04-08 13:00:00,Overcast,10.0,42.0,44.1,9.2,0,0,0,0,0,0,1,0,0,0,0
2016-04-08 14:00:00,Mostly Cloudy,10.0,39.0,45.0,10.4,0,0,0,0,0,1,0,0,0,0,0
2016-04-08 15:00:00,Overcast,10.0,38.0,44.1,9.2,0,0,0,0,0,0,1,0,0,0,0
2016-04-08 16:00:00,Overcast,10.0,35.0,46.0,5.8,0,0,0,0,0,0,1,0,0,0,0
2016-04-08 17:00:00,Overcast,10.0,34.0,46.4,8.1,0,0,0,0,0,0,1,0,0,0,0
2016-04-08 18:00:00,Overcast,10.0,35.0,46.0,6.9,0,0,0,0,0,0,1,0,0,0,0
2016-04-08 19:00:00,Overcast,10.0,37.0,45.0,11.5,0,0,0,0,0,0,1,0,0,0,0
2016-04-08 20:00:00,Clear,10.0,38.0,44.1,4.6,1,0,0,0,0,0,0,0,0,0,0
2016-04-08 21:00:00,Clear,10.0,40.0,43.0,3.5,1,0,0,0,0,0,0,0,0,0,0
2016-04-08 22:00:00,Clear,10.0,40.0,43.0,3.5,1,0,0,0,0,0,0,0,0,0,0
2016-04-08 23:00:00,Clear,10.0,45.0,41.0,3.5,1,0,0,0,0,0,0,0,0,0,0
2016-04-09 00:00:00,Clear,10.0,47.0,39.9,4.6,1,0,0,0,0,0,0,0,0,0,0
2016-04-09 01:00:00,Clear,10.0,45.0,39.0,4.6,1,0,0,0,0,0,0,0,0,0,0
2016-04-09 02:00:00,Clear,10.0,43.0,39.0,3.5,1,0,0,0,0,0,0,0,0,0,0
2016-04-09 03:00:00,Partly Cloudy,10.0,43.0,37.9,3.5,0,0,0,0,0,0,0,1,0,0,0
2016-04-09 05:00:00,Partly Cloudy,10.0,45.0,37.9,3.5,0,0,0,0,0,0,0,1,0,0,0
2016-04-09 06:00:00,Clear,10.0,48.0,37.9,4.6,1,0,0,0,0,0,0,0,0,0,0
2016-04-09 07:00:00,Clear,10.0,47.0,39.9,6.9,1,0,0,0,0,0,0,0,0,0,0
2016-04-09 08:00:00,Overcast,10.0,45.0,42.1,6.9,0,0,0,0,0,0,1,0,0,0,0
2016-04-09 09:00:00,Mostly Cloudy,10.0,49.0,42.1,10.4,0,0,0,0,0,1,0,0,0,0,0
2016-04-09 10:00:00,Overcast,10.0,55.0,42.1,6.9,0,0,0,0,0,0,1,0,0,0,0
2016-04-09 11:00:00,Overcast,10.0,51.0,43.0,9.2,0,0,0,0,0,0,1,0,0,0,0
2016-04-09 12:00:00,Light Rain,7.0,73.0,39.0,4.6,0,0,0,1,0,0,0,0,0,0,0
2016-04-09 13:00:00,Light Rain,4.0,83.0,37.9,85.2,0,0,0,1,0,0,0,0,0,0,0
2016-04-09 14:00:00,Light Rain,5.0,83.0,37.9,8.1,0,0,0,1,0,0,0,0,0,0,0
2016-04-09 15:00:00,Light Rain,4.0,83.0,37.9,6.9,0,0,0,1,0,0,0,0,0,0,0
2016-04-09 16:00:00,Overcast,7.0,83.0,37.9,4.6,0,0,0,0,0,0,1,0,0,0,0
2016-04-09 17:00:00,Overcast,10.0,79.0,39.0,8.1,0,0,0,0,0,0,1,0,0,0,0
2016-04-09 18:00:00,Overcast,10.0,77.0,39.9,8.1,0,0,0,0,0,0,1,0,0,0,0
2016-04-09 19:00:00,Overcast,10.0,65.0,41.0,6.9,0,0,0,0,0,0,1,0,0,0,0
2016-04-09 20:00:00,Overcast,10.0,60.0,42.1,3.5,0,0,0,0,0,0,1,0,0,0,0
2016-04-09 21:00:00,Overcast,10.0,47.0,42.1,8.1,0,0,0,0,0,0,1,0,0,0,0
2016-04-09 22:00:00,Overcast,10.0,43.0,39.9,3.5,0,0,0,0,0,0,1,0,0,0,0
2016-04-09 23:00:00,Partly Cloudy,10.0,45.0,37.9,9.2,0,0,0,0,0,0,0,1,0,0,0
2016-04-10 00:00:00,Clear,10.0,39.0,36.0,6.9,1,0,0,0,0,0,0,0,0,0,0
2016-04-10 01:00:00,Partly Cloudy,10.0,39.0,35.1,6.9,0,0,0,0,0,0,0,1,0,0,0
2016-04-10 02:00:00,Clear,10.0,37.0,34.0,6.9,1,0,0,0,0,0,0,0,0,0,0
2016-04-10 03:00:00,Clear,10.0,46.0,33.1,6.9,1,0,0,0,0,0,0,0,0,0,0
2016-04-10 04:00:00,Clear,10.0,50.0,32.0,3.5,1,0,0,0,0,0,0,0,0,0,0
2016-04-10 05:00:00,Clear,10.0,48.0,32.0,3.5,1,0,0,0,0,0,0,0,0,0,0
2016-04-10 06:00:00,Clear,10.0,50.0,30.9,6.9,1,0,0,0,0,0,0,0,0,0,0
2016-04-10 07:00:00,Clear,10.0,50.0,32.0,3.5,1,0,0,0,0,0,0,0,0,0,0
2016-04-10 08:00:00,Clear,10.0,48.0,33.1,6.9,1,0,0,0,0,0,0,0,0,0,0
2016-04-10 09:00:00,Clear,10.0,44.0,36.0,3.5,1,0,0,0,0,0,0,0,0,0,0
2016-04-10 10:00:00,Clear,10.0,36.0,39.9,4.6,1,0,0,0,0,0,0,0,0,0,0
2016-04-10 11:00:00,Clear,10.0,31.0,42.1,4.6,1,0,0,0,0,0,0,0,0,0,0
2016-04-10 12:00:00,Clear,10.0,27.0,44.1,3.5,1,0,0,0,0,0,0,0,0,0,0
2016-04-10 13:00:00,Clear,10.0,26.0,46.0,4.6,1,0,0,0,0,0,0,0,0,0,0
2016-04-10 14:00:00,Clear,10.0,26.0,48.0,4.6,1,0,0,0,0,0,0,0,0,0,0
2016-04-10 15:00:00,Clear,10.0,26.0,48.9,4.6,1,0,0,0,0,0,0,0,0,0,0
2016-04-10 16:00:00,Clear,10.0,23.0,48.9,5.8,1,0,0,0,0,0,0,0,0,0,0
2016-04-10 17:00:00,Clear,10.0,39.0,46.9,5.8,1,0,0,0,0,0,0,0,0,0,0
2016-04-10 18:00:00,Clear,10.0,46.0,45.0,4.6,1,0,0,0,0,0,0,0,0,0,0
2016-04-10 19:00:00,Clear,10.0,51.0,44.1,3.5,1,0,0,0,0,0,0,0,0,0,0
2016-04-10 20:00:00,Clear,10.0,28.0,46.9,8.1,1,0,0,0,0,0,0,0,0,0,0
2016-04-10 21:00:00,Overcast,10.0,30.0,46.9,5.8,0,0,0,0,0,0,1,0,0,0,0
2016-04-10 22:00:00,Overcast,10.0,39.0,46.0,5.8,0,0,0,0,0,0,1,0,0,0,0
2016-04-10 23:00:00,Overcast,10.0,47.0,44.1,6.9,0,0,0,0,0,0,1,0,0,0,0
2016-04-11 00:00:00,Overcast,10.0,56.0,43.0,6.9,0,0,0,0,0,0,1,0,0,0,0
2016-04-11 01:00:00,Overcast,10.0,55.0,44.1,3.5,0,0,0,0,0,0,1,0,0,0,0
2016-04-11 02:00:00,Overcast,10.0,53.0,44.1,9.2,0,0,0,0,0,0,1,0,0,0,0
2016-04-11 03:00:00,Overcast,10.0,60.0,44.1,11.5,0,0,0,0,0,0,1,0,0,0,0
2016-04-11 04:00:00,Overcast,10.0,58.0,45.0,5.8,0,0,0,0,0,0,1,0,0,0,0
2016-04-11 05:00:00,Overcast,10.0,60.0,45.0,6.9,0,0,0,0,0,0,1,0,0,0,0
2016-04-11 06:00:00,Overcast,10.0,61.0,46.0,6.9,0,0,0,0,0,0,1,0,0,0,0
2016-04-11 07:00:00,Unknown,10.0,,,6.9,0,0,0,0,0,0,0,0,0,0,1
2016-04-11 08:00:00,Overcast,10.0,59.0,48.9,9.2,0,0,0,0,0,0,1,0,0,0,0
2016-04-11 09:00:00,Overcast,10.0,57.0,50.0,4.6,0,0,0,0,0,0,1,0,0,0,0
2016-04-11 10:00:00,Overcast,10.0,53.0,52.0,9.2,0,0,0,0,0,0,1,0,0,0,0
2016-04-11 11:00:00,Overcast,10.0,45.0,55.0,4.6,0,0,0,0,0,0,1,0,0,0,0
2016-04-11 12:00:00,Overcast,10.0,36.0,61.0,5.8,0,0,0,0,0,0,1,0,0,0,0
2016-04-11 13:00:00,Scattered Clouds,10.0,34.0,61.0,9.2,0,0,0,0,0,0,0,0,0,1,0
2016-04-11 14:00:00,Clear,10.0,44.0,61.0,6.9,1,0,0,0,0,0,0,0,0,0,0
2016-04-11 15:00:00,Clear,10.0,43.0,62.1,11.5,1,0,0,0,0,0,0,0,0,0,0
2016-04-11 16:00:00,Clear,10.0,46.0,60.1,3.5,1,0,0,0,0,0,0,0,0,0,0
2016-04-11 17:00:00,Light Rain,9.0,53.0,57.9,8.1,0,0,0,1,0,0,0,0,0,0,0
2016-04-11 18:00:00,Light Rain,5.0,69.0,55.0,6.9,0,0,0,1,0,0,0,0,0,0,0
2016-04-11 19:00:00,Mostly Cloudy,10.0,69.0,55.0,4.6,0,0,0,0,0,1,0,0,0,0,0
2016-04-11 20:00:00,Mostly Cloudy,10.0,62.0,57.0,9.2,0,0,0,0,0,1,0,0,0,0,0
2016-04-11 21:00:00,Clear,10.0,64.0,55.9,6.9,1,0,0,0,0,0,0,0,0,0,0
2016-04-11 22:00:00,Clear,10.0,69.0,55.0,3.5,1,0,0,0,0,0,0,0,0,0,0
2016-04-11 23:00:00,Clear,10.0,69.0,55.0,5.8,1,0,0,0,0,0,0,0,0,0,0
2016-04-12 00:00:00,Clear,10.0,72.0,55.0,10.4,1,0,0,0,0,0,0,0,0,0,0
2016-04-12 01:00:00,Clear,10.0,74.0,53.1,4.6,1,0,0,0,0,0,0,0,0,0,0
2016-04-12 02:00:00,Clear,10.0,74.0,53.1,6.9,1,0,0,0,0,0,0,0,0,0,0
2016-04-12 03:00:00,Scattered Clouds,10.0,75.0,54.0,4.6,0,0,0,0,0,0,0,0,0,1,0
2016-04-12 04:00:00,Clear,10.0,74.0,55.0,3.5,1,0,0,0,0,0,0,0,0,0,0
2016-04-12 05:00:00,Light Rain,8.0,77.0,57.0,4.6,0,0,0,1,0,0,0,0,0,0,0
2016-04-12 06:00:00,Overcast,10.0,80.0,55.9,6.9,0,0,0,0,0,0,1,0,0,0,0
2016-04-12 07:00:00,Light Rain,9.0,84.0,55.9,4.6,0,0,0,1,0,0,0,0,0,0,0
2016-04-12 08:00:00,Light Rain,4.0,90.0,55.9,4.6,0,0,0,1,0,0,0,0,0,0,0
2016-04-12 09:00:00,Light Rain,4.0,89.0,57.0,4.6,0,0,0,1,0,0,0,0,0,0,0
2016-04-12 10:00:00,Overcast,10.0,74.0,46.9,6.9,0,0,0,0,0,0,1,0,0,0,0
2016-04-12 11:00:00,Light Rain,7.0,80.0,45.0,5.8,0,0,0,1,0,0,0,0,0,0,0
2016-04-12 12:00:00,Overcast,10.0,66.0,46.0,4.6,0,0,0,0,0,0,1,0,0,0,0
2016-04-12 13:00:00,Overcast,10.0,58.0,48.0,5.8,0,0,0,0,0,0,1,0,0,0,0
2016-04-12 14:00:00,Clear,10.0,47.0,55.0,6.9,1,0,0,0,0,0,0,0,0,0,0
2016-04-12 15:00:00,Clear,10.0,34.0,57.0,6.9,1,0,0,0,0,0,0,0,0,0,0
2016-04-12 16:00:00,Clear,10.0,30.0,57.0,4.6,1,0,0,0,0,0,0,0,0,0,0
2016-04-12 17:00:00,Clear,10.0,30.0,57.0,6.9,1,0,0,0,0,0,0,0,0,0,0
2016-04-12 18:00:00,Clear,10.0,30.0,54.0,9.2,1,0,0,0,0,0,0,0,0,0,0
2016-04-12 19:00:00,Clear,10.0,28.0,52.0,9.2,1,0,0,0,0,0,0,0,0,0,0
2016-04-12 20:00:00,Clear,10.0,34.0,48.2,4.6,1,0,0,0,0,0,0,0,0,0,0
2016-04-12 21:00:00,Clear,10.0,52.0,46.9,3.5,1,0,0,0,0,0,0,0,0,0,0
2016-04-12 22:00:00,Clear,10.0,37.0,46.0,5.8,1,0,0,0,0,0,0,0,0,0,0
2016-04-12 23:00:00,Clear,10.0,34.0,46.0,5.8,1,0,0,0,0,0,0,0,0,0,0
2016-04-13 00:00:00,Clear,10.0,36.0,45.0,5.8,1,0,0,0,0,0,0,0,0,0,0
2016-04-13 01:00:00,Clear,10.0,40.0,44.1,4.6,1,0,0,0,0,0,0,0,0,0,0
2016-04-13 02:00:00,Clear,10.0,45.0,43.0,4.6,1,0,0,0,0,0,0,0,0,0,0
2016-04-13 03:00:00,Clear,10.0,47.0,42.1,4.6,1,0,0,0,0,0,0,0,0,0,0
2016-04-13 04:00:00,Clear,10.0,51.0,41.0,5.8,1,0,0,0,0,0,0,0,0,0,0
2016-04-13 05:00:00,Clear,10.0,53.0,39.9,3.5,1,0,0,0,0,0,0,0,0,0,0
2016-04-13 06:00:00,Clear,10.0,53.0,39.9,4.6,1,0,0,0,0,0,0,0,0,0,0
2016-04-13 07:00:00,Clear,10.0,49.0,42.1,4.6,1,0,0,0,0,0,0,0,0,0,0
2016-04-13 08:00:00,Clear,10.0,43.0,44.1,8.1,1,0,0,0,0,0,0,0,0,0,0
2016-04-13 09:00:00,Clear,10.0,42.0,45.0,13.8,1,0,0,0,0,0,0,0,0,0,0
2016-04-13 10:00:00,Clear,10.0,39.0,48.9,8.1,1,0,0,0,0,0,0,0,0,0,0
2016-04-13 11:00:00,Clear,10.0,38.0,50.0,5.8,1,0,0,0,0,0,0,0,0,0,0
2016-04-13 12:00:00,Clear,10.0,34.0,52.0,6.9,1,0,0,0,0,0,0,0,0,0,0
2016-04-13 13:00:00,Clear,10.0,31.0,54.0,6.9,1,0,0,0,0,0,0,0,0,0,0
2016-04-13 14:00:00,Clear,10.0,30.0,54.0,4.6,1,0,0,0,0,0,0,0,0,0,0
2016-04-13 15:00:00,Clear,10.0,28.0,55.0,4.6,1,0,0,0,0,0,0,0,0,0,0
2016-04-13 16:00:00,Clear,10.0,26.0,57.0,4.6,1,0,0,0,0,0,0,0,0,0,0
2016-04-13 17:00:00,Clear,10.0,27.0,55.9,4.6,1,0,0,0,0,0,0,0,0,0,0
2016-04-13 18:00:00,Clear,10.0,35.0,53.1,4.6,1,0,0,0,0,0,0,0,0,0,0
2016-04-13 19:00:00,Clear,10.0,39.0,50.0,3.5,1,0,0,0,0,0,0,0,0,0,0
2016-04-13 22:00:00,Clear,10.0,56.0,46.9,3.5,1,0,0,0,0,0,0,0,0,0,0
2016-04-13 23:00:00,Clear,10.0,61.0,46.9,3.5,1,0,0,0,0,0,0,0,0,0,0
2016-04-14 00:00:00,Partly Cloudy,10.0,54.0,46.0,3.5,0,0,0,0,0,0,0,1,0,0,0
2016-04-14 01:00:00,Clear,10.0,54.0,46.0,3.5,1,0,0,0,0,0,0,0,0,0,0
2016-04-14 02:00:00,Clear,10.0,56.0,45.0,3.5,1,0,0,0,0,0,0,0,0,0,0
2016-04-14 03:00:00,Clear,10.0,52.0,45.0,3.5,1,0,0,0,0,0,0,0,0,0,0
2016-04-14 04:00:00,Clear,10.0,40.0,45.0,5.8,1,0,0,0,0,0,0,0,0,0,0
2016-04-14 05:00:00,Overcast,10.0,40.0,45.0,8.1,0,0,0,0,0,0,1,0,0,0,0
2016-04-14 06:00:00,Overcast,10.0,46.0,44.6,10.4,0,0,0,0,0,0,1,0,0,0,0
2016-04-14 07:00:00,Clear,10.0,63.0,45.0,10.4,1,0,0,0,0,0,0,0,0,0,0
2016-04-14 08:00:00,Scattered Clouds,10.0,59.0,46.9,11.5,0,0,0,0,0,0,0,0,0,1,0
2016-04-14 09:00:00,Clear,10.0,44.0,48.0,9.2,1,0,0,0,0,0,0,0,0,0,0
2016-04-14 10:00:00,Clear,10.0,36.0,51.1,8.1,1,0,0,0,0,0,0,0,0,0,0
2016-04-14 11:00:00,Clear,10.0,33.0,54.0,6.9,1,0,0,0,0,0,0,0,0,0,0
2016-04-14 12:00:00,Clear,10.0,28.0,57.0,3.5,1,0,0,0,0,0,0,0,0,0,0
2016-04-14 13:00:00,Clear,10.0,26.0,60.1,5.8,1,0,0,0,0,0,0,0,0,0,0
2016-04-14 14:00:00,Clear,10.0,21.0,60.1,4.6,1,0,0,0,0,0,0,0,0,0,0
2016-04-14 15:00:00,Clear,10.0,19.0,61.0,4.6,1,0,0,0,0,0,0,0,0,0,0
2016-04-14 16:00:00,Clear,10.0,20.0,62.1,3.5,1,0,0,0,0,0,0,0,0,0,0
2016-04-14 17:00:00,Clear,10.0,36.0,57.0,9.2,1,0,0,0,0,0,0,0,0,0,0
2016-04-14 18:00:00,Clear,10.0,37.0,54.0,8.1,1,0,0,0,0,0,0,0,0,0,0
2016-04-14 19:00:00,Clear,10.0,50.0,50.0,9.2,1,0,0,0,0,0,0,0,0,0,0
2016-04-14 20:00:00,Clear,10.0,54.0,48.0,10.4,1,0,0,0,0,0,0,0,0,0,0
2016-04-14 21:00:00,Clear,10.0,54.0,46.9,5.8,1,0,0,0,0,0,0,0,0,0,0
2016-04-14 22:00:00,Clear,10.0,66.0,46.0,6.9,1,0,0,0,0,0,0,0,0,0,0
2016-04-14 23:00:00,Clear,10.0,60.0,45.0,6.9,1,0,0,0,0,0,0,0,0,0,0
2016-04-15 00:00:00,Clear,10.0,56.0,45.0,4.6,1,0,0,0,0,0,0,0,0,0,0
2016-04-15 01:00:00,Clear,10.0,54.0,46.0,4.6,1,0,0,0,0,0,0,0,0,0,0
2016-04-15 02:00:00,Clear,10.0,63.0,45.0,3.5,1,0,0,0,0,0,0,0,0,0,0
2016-04-15 03:00:00,Clear,10.0,63.0,45.0,3.5,1,0,0,0,0,0,0,0,0,0,0
2016-04-15 04:00:00,Clear,10.0,71.0,44.1,3.5,1,0,0,0,0,0,0,0,0,0,0
2016-04-15 05:00:00,Clear,10.0,74.0,43.0,3.5,1,0,0,0,0,0,0,0,0,0,0
2016-04-15 06:00:00,Clear,10.0,71.0,44.1,3.5,1,0,0,0,0,0,0,0,0,0,0
2016-04-15 07:00:00,Clear,10.0,63.0,46.9,4.6,1,0,0,0,0,0,0,0,0,0,0
2016-04-15 08:00:00,Clear,10.0,50.0,50.0,5.8,1,0,0,0,0,0,0,0,0,0,0
2016-04-15 09:00:00,Clear,10.0,43.0,52.0,11.5,1,0,0,0,0,0,0,0,0,0,0
2016-04-15 10:00:00,Clear,10.0,31.0,53.1,6.9,1,0,0,0,0,0,0,0,0,0,0
2016-04-15 11:00:00,Clear,10.0,22.0,57.0,9.2,1,0,0,0,0,0,0,0,0,0,0
2016-04-15 12:00:00,Clear,10.0,18.0,57.0,3.5,1,0,0,0,0,0,0,0,0,0,0
2016-04-15 13:00:00,Clear,10.0,20.0,60.1,3.5,1,0,0,0,0,0,0,0,0,0,0
2016-04-15 14:00:00,Clear,10.0,21.0,62.1,4.6,1,0,0,0,0,0,0,0,0,0,0
2016-04-15 15:00:00,Clear,10.0,20.0,64.0,4.6,1,0,0,0,0,0,0,0,0,0,0
2016-04-15 16:00:00,Clear,10.0,17.0,63.0,3.5,1,0,0,0,0,0,0,0,0,0,0
2016-04-15 17:00:00,Clear,10.0,23.0,62.1,3.5,1,0,0,0,0,0,0,0,0,0,0
2016-04-15 18:00:00,Clear,10.0,28.0,59.0,3.5,1,0,0,0,0,0,0,0,0,0,0
2016-04-15 19:00:00,Clear,10.0,33.0,55.9,5.8,1,0,0,0,0,0,0,0,0,0,0
2016-04-15 20:00:00,Clear,10.0,54.0,48.9,6.9,1,0,0,0,0,0,0,0,0,0,0
2016-04-15 21:00:00,Clear,10.0,56.0,48.0,6.9,1,0,0,0,0,0,0,0,0,0,0
2016-04-15 23:00:00,Clear,10.0,63.0,46.9,3.5,1,0,0,0,0,0,0,0,0,0,0
2016-04-16 00:00:00,Clear,10.0,63.0,46.9,3.5,1,0,0,0,0,0,0,0,0,0,0
2016-04-16 01:00:00,Clear,10.0,63.0,46.9,3.5,1,0,0,0,0,0,0,0,0,0,0
2016-04-16 02:00:00,Clear,10.0,61.0,46.9,3.5,1,0,0,0,0,0,0,0,0,0,0
2016-04-16 03:00:00,Clear,10.0,63.0,46.0,3.5,1,0,0,0,0,0,0,0,0,0,0
2016-04-16 04:00:00,Clear,10.0,60.0,45.0,3.5,1,0,0,0,0,0,0,0,0,0,0
2016-04-16 05:00:00,Clear,10.0,60.0,44.1,5.8,1,0,0,0,0,0,0,0,0,0,0
2016-04-16 06:00:00,Clear,10.0,60.0,45.0,4.6,1,0,0,0,0,0,0,0,0,0,0
2016-04-16 07:00:00,Clear,10.0,50.0,48.0,4.6,1,0,0,0,0,0,0,0,0,0,0
2016-04-16 08:00:00,Clear,10.0,29.0,51.1,6.9,1,0,0,0,0,0,0,0,0,0,0
2016-04-16 09:00:00,Clear,10.0,21.0,53.1,11.5,1,0,0,0,0,0,0,0,0,0,0
2016-04-16 10:00:00,Clear,10.0,22.0,55.9,8.1,1,0,0,0,0,0,0,0,0,0,0
2016-04-16 11:00:00,Clear,10.0,20.0,57.9,5.8,1,0,0,0,0,0,0,0,0,0,0
2016-04-16 12:00:00,Clear,10.0,17.0,61.0,6.9,1,0,0,0,0,0,0,0,0,0,0
2016-04-16 13:00:00,Clear,10.0,16.0,64.0,5.8,1,0,0,0,0,0,0,0,0,0,0
2016-04-16 14:00:00,Clear,10.0,17.0,66.0,74.8,1,0,0,0,0,0,0,0,0,0,0
2016-04-16 15:00:00,Clear,10.0,16.0,64.0,74.8,1,0,0,0,0,0,0,0,0,0,0
2016-04-16 16:00:00,Clear,10.0,16.0,66.0,74.8,1,0,0,0,0,0,0,0,0,0,0
2016-04-16 17:00:00,Clear,10.0,18.0,63.0,6.9,1,0,0,0,0,0,0,0,0,0,0
2016-04-16 18:00:00,Clear,10.0,18.0,62.1,4.6,1,0,0,0,0,0,0,0,0,0,0
2016-04-16 19:00:00,Clear,10.0,40.0,53.1,8.1,1,0,0,0,0,0,0,0,0,0,0
2016-04-16 20:00:00,Clear,10.0,48.0,51.1,5.8,1,0,0,0,0,0,0,0,0,0,0
2016-04-16 21:00:00,Clear,10.0,59.0,48.9,4.6,1,0,0,0,0,0,0,0,0,0,0
2016-04-16 22:00:00,Clear,10.0,61.0,48.0,4.6,1,0,0,0,0,0,0,0,0,0,0
2016-04-16 23:00:00,Clear,10.0,63.0,46.9,4.6,1,0,0,0,0,0,0,0,0,0,0
2016-04-17 00:00:00,Clear,10.0,61.0,46.9,4.6,1,0,0,0,0,0,0,0,0,0,0
2016-04-17 01:00:00,Clear,10.0,66.0,46.9,3.5,1,0,0,0,0,0,0,0,0,0,0
2016-04-17 02:00:00,Clear,10.0,66.0,46.9,3.5,1,0,0,0,0,0,0,0,0,0,0
2016-04-17 03:00:00,Clear,10.0,71.0,45.0,4.6,1,0,0,0,0,0,0,0,0,0,0
2016-04-17 04:00:00,Clear,10.0,68.0,46.0,3.5,1,0,0,0,0,0,0,0,0,0,0
2016-04-17 05:00:00,Clear,10.0,71.0,45.0,3.5,1,0,0,0,0,0,0,0,0,0,0
2016-04-17 06:00:00,Clear,10.0,66.0,46.0,3.5,1,0,0,0,0,0,0,0,0,0,0
2016-04-17 07:00:00,Clear,10.0,56.0,48.9,3.5,1,0,0,0,0,0,0,0,0,0,0
2016-04-17 08:00:00,Clear,10.0,41.0,53.1,3.5,1,0,0,0,0,0,0,0,0,0,0
2016-04-17 09:00:00,Clear,10.0,37.0,55.9,3.5,1,0,0,0,0,0,0,0,0,0,0
2016-04-17 10:00:00,Clear,10.0,27.0,60.1,4.6,1,0,0,0,0,0,0,0,0,0,0
2016-04-17 11:00:00,Clear,10.0,23.0,64.0,3.5,1,0,0,0,0,0,0,0,0,0,0
2016-04-17 12:00:00,Clear,10.0,21.0,64.9,3.5,1,0,0,0,0,0,0,0,0,0,0
2016-04-17 13:00:00,Clear,10.0,18.0,68.0,3.5,1,0,0,0,0,0,0,0,0,0,0
2016-04-17 14:00:00,Clear,10.0,16.0,71.1,3.5,1,0,0,0,0,0,0,0,0,0,0
2016-04-17 15:00:00,Clear,10.0,16.0,73.0,3.5,1,0,0,0,0,0,0,0,0,0,0
2016-04-17 16:00:00,Clear,10.0,16.0,73.9,3.5,1,0,0,0,0,0,0,0,0,0,0
2016-04-17 17:00:00,Clear,10.0,21.0,69.1,9.2,1,0,0,0,0,0,0,0,0,0,0
2016-04-17 18:00:00,Clear,10.0,25.0,66.0,4.6,1,0,0,0,0,0,0,0,0,0,0
2016-04-17 19:00:00,Clear,10.0,32.0,61.0,5.8,1,0,0,0,0,0,0,0,0,0,0
2016-04-17 20:00:00,Clear,10.0,35.0,57.9,5.8,1,0,0,0,0,0,0,0,0,0,0
2016-04-17 21:00:00,Clear,10.0,39.0,55.9,5.8,1,0,0,0,0,0,0,0,0,0,0
2016-04-17 22:00:00,Clear,10.0,43.0,55.0,5.8,1,0,0,0,0,0,0,0,0,0,0
2016-04-17 23:00:00,Clear,10.0,47.0,54.0,5.8,1,0,0,0,0,0,0,0,0,0,0
2016-04-18 00:00:00,Clear,10.0,53.0,52.0,3.5,1,0,0,0,0,0,0,0,0,0,0
2016-04-18 01:00:00,Clear,10.0,50.0,52.0,3.5,1,0,0,0,0,0,0,0,0,0,0
2016-04-18 02:00:00,Clear,10.0,48.0,53.1,3.5,1,0,0,0,0,0,0,0,0,0,0
2016-04-18 03:00:00,Clear,10.0,50.0,52.0,3.5,1,0,0,0,0,0,0,0,0,0,0
2016-04-18 04:00:00,Clear,10.0,54.0,51.1,3.5,1,0,0,0,0,0,0,0,0,0,0
2016-04-18 05:00:00,Clear,10.0,50.0,52.0,3.5,1,0,0,0,0,0,0,0,0,0,0
2016-04-18 06:00:00,Clear,10.0,50.0,52.0,3.5,1,0,0,0,0,0,0,0,0,0,0
2016-04-18 07:00:00,Clear,10.0,39.0,59.0,3.5,1,0,0,0,0,0,0,0,0,0,0
2016-04-18 08:00:00,Clear,10.0,29.0,64.9,3.5,1,0,0,0,0,0,0,0,0,0,0
2016-04-18 09:00:00,Clear,10.0,22.0,68.0,3.5,1,0,0,0,0,0,0,0,0,0,0
2016-04-18 10:00:00,Clear,10.0,19.0,72.0,6.9,1,0,0,0,0,0,0,0,0,0,0
2016-04-18 11:00:00,Clear,10.0,18.0,73.9,4.6,1,0,0,0,0,0,0,0,0,0,0
2016-04-18 12:00:00,Clear,10.0,17.0,78.1,6.9,1,0,0,0,0,0,0,0,0,0,0
2016-04-18 13:00:00,Clear,10.0,15.0,78.1,6.9,1,0,0,0,0,0,0,0,0,0,0
2016-04-18 14:00:00,Clear,10.0,14.0,81.0,6.9,1,0,0,0,0,0,0,0,0,0,0
2016-04-18 15:00:00,Clear,10.0,13.0,81.0,5.8,1,0,0,0,0,0,0,0,0,0,0
2016-04-18 16:00:00,Clear,10.0,18.0,77.0,6.9,1,0,0,0,0,0,0,0,0,0,0
2016-04-18 17:00:00,Clear,10.0,20.0,75.0,10.4,1,0,0,0,0,0,0,0,0,0,0
2016-04-18 18:00:00,Clear,10.0,19.0,71.1,10.4,1,0,0,0,0,0,0,0,0,0,0
2016-04-18 19:00:00,Clear,10.0,26.0,66.0,9.2,1,0,0,0,0,0,0,0,0,0,0
2016-04-18 20:00:00,Clear,10.0,29.0,64.0,3.5,1,0,0,0,0,0,0,0,0,0,0
2016-04-18 21:00:00,Clear,10.0,26.0,64.9,3.5,1,0,0,0,0,0,0,0,0,0,0
2016-04-18 22:00:00,Clear,10.0,27.0,64.9,5.8,1,0,0,0,0,0,0,0,0,0,0
2016-04-18 23:00:00,Clear,10.0,23.0,64.9,10.4,1,0,0,0,0,0,0,0,0,0,0
2016-04-19 00:00:00,Clear,10.0,26.0,64.0,9.2,1,0,0,0,0,0,0,0,0,0,0
2016-04-19 01:00:00,Clear,10.0,25.0,64.0,6.9,1,0,0,0,0,0,0,0,0,0,0
2016-04-19 02:00:00,Clear,10.0,29.0,62.1,5.8,1,0,0,0,0,0,0,0,0,0,0
2016-04-19 03:00:00,Clear,10.0,32.0,61.0,5.8,1,0,0,0,0,0,0,0,0,0,0
2016-04-19 04:00:00,Clear,10.0,30.0,63.0,3.5,1,0,0,0,0,0,0,0,0,0,0
2016-04-19 05:00:00,Scattered Clouds,10.0,27.0,64.9,6.9,0,0,0,0,0,0,0,0,0,1,0
2016-04-19 06:00:00,Mostly Cloudy,10.0,30.0,64.0,6.9,0,0,0,0,0,1,0,0,0,0,0
2016-04-19 07:00:00,Unknown,10.0,,,6.9,0,0,0,0,0,0,0,0,0,0,1
2016-04-19 08:00:00,Clear,10.0,38.0,66.0,5.8,1,0,0,0,0,0,0,0,0,0,0
2016-04-19 10:00:00,Partly Cloudy,10.0,37.0,68.0,9.2,0,0,0,0,0,0,0,1,0,0,0
2016-04-19 11:00:00,Scattered Clouds,10.0,33.0,70.0,9.2,0,0,0,0,0,0,0,0,0,1,0
2016-04-19 12:00:00,Clear,10.0,34.0,71.1,8.1,1,0,0,0,0,0,0,0,0,0,0
2016-04-19 13:00:00,Clear,10.0,33.0,70.0,13.8,1,0,0,0,0,0,0,0,0,0,0
2016-04-19 14:00:00,Clear,10.0,31.0,70.0,8.1,1,0,0,0,0,0,0,0,0,0,0
2016-04-19 15:00:00,Clear,10.0,28.0,71.1,8.1,1,0,0,0,0,0,0,0,0,0,0
2016-04-19 16:00:00,Clear,10.0,14.0,70.0,11.5,1,0,0,0,0,0,0,0,0,0,0
2016-04-19 17:00:00,Clear,10.0,15.0,69.1,4.6,1,0,0,0,0,0,0,0,0,0,0
2016-04-19 18:00:00,Clear,10.0,17.0,66.9,8.1,1,0,0,0,0,0,0,0,0,0,0
2016-04-19 19:00:00,Clear,10.0,20.0,64.9,10.4,1,0,0,0,0,0,0,0,0,0,0
2016-04-19 20:00:00,Clear,10.0,17.0,63.0,10.4,1,0,0,0,0,0,0,0,0,0,0
2016-04-19 21:00:00,Clear,10.0,18.0,61.0,11.5,1,0,0,0,0,0,0,0,0,0,0
2016-04-19 22:00:00,Clear,10.0,26.0,59.0,4.6,1,0,0,0,0,0,0,0,0,0,0
2016-04-19 23:00:00,Clear,10.0,29.0,57.0,5.8,1,0,0,0,0,0,0,0,0,0,0
2016-04-20 00:00:00,Clear,10.0,31.0,55.0,6.9,1,0,0,0,0,0,0,0,0,0,0
2016-04-20 01:00:00,Clear,10.0,34.0,53.1,6.9,1,0,0,0,0,0,0,0,0,0,0
2016-04-20 02:00:00,Clear,10.0,31.0,53.1,4.6,1,0,0,0,0,0,0,0,0,0,0
2016-04-20 03:00:00,Clear,10.0,34.0,52.0,6.9,1,0,0,0,0,0,0,0,0,0,0
2016-04-20 04:00:00,Clear,10.0,35.0,51.1,5.8,1,0,0,0,0,0,0,0,0,0,0
2016-04-20 05:00:00,Clear,10.0,36.0,50.0,3.5,1,0,0,0,0,0,0,0,0,0,0
2016-04-20 06:00:00,Clear,10.0,38.0,50.0,5.8,1,0,0,0,0,0,0,0,0,0,0
2016-04-20 07:00:00,Clear,10.0,36.0,50.9,4.6,1,0,0,0,0,0,0,0,0,0,0
2016-04-20 08:00:00,Clear,10.0,30.0,54.0,10.4,1,0,0,0,0,0,0,0,0,0,0
2016-04-20 09:00:00,Clear,10.0,27.0,57.0,10.4,1,0,0,0,0,0,0,0,0,0,0
2016-04-20 10:00:00,Clear,10.0,21.0,59.0,12.7,1,0,0,0,0,0,0,0,0,0,0
2016-04-20 11:00:00,Clear,10.0,18.0,62.1,12.7,1,0,0,0,0,0,0,0,0,0,0
2016-04-20 12:00:00,Clear,10.0,16.0,64.0,8.1,1,0,0,0,0,0,0,0,0,0,0
2016-04-20 13:00:00,Clear,10.0,13.0,66.0,5.8,1,0,0,0,0,0,0,0,0,0,0
2016-04-20 14:00:00,Clear,10.0,11.0,66.0,10.4,1,0,0,0,0,0,0,0,0,0,0
2016-04-20 15:00:00,Clear,10.0,10.0,66.9,6.9,1,0,0,0,0,0,0,0,0,0,0
2016-04-20 16:00:00,Clear,10.0,10.0,68.0,4.6,1,0,0,0,0,0,0,0,0,0,0
2016-04-20 17:00:00,Clear,10.0,9.0,66.9,4.6,1,0,0,0,0,0,0,0,0,0,0
2016-04-20 18:00:00,Clear,10.0,31.0,61.0,5.8,1,0,0,0,0,0,0,0,0,0,0
2016-04-20 19:00:00,Clear,10.0,29.0,57.0,5.8,1,0,0,0,0,0,0,0,0,0,0
2016-04-20 20:00:00,Clear,10.0,30.0,55.9,3.5,1,0,0,0,0,0,0,0,0,0,0
2016-04-20 21:00:00,Clear,10.0,28.0,57.0,3.5,1,0,0,0,0,0,0,0,0,0,0
2016-04-20 22:00:00,Clear,10.0,32.0,57.0,5.8,1,0,0,0,0,0,0,0,0,0,0
2016-04-20 23:00:00,Clear,10.0,35.0,54.0,4.6,1,0,0,0,0,0,0,0,0,0,0
2016-04-21 00:00:00,Clear,10.0,31.0,53.1,8.1,1,0,0,0,0,0,0,0,0,0,0
2016-04-21 01:00:00,Clear,10.0,32.0,52.0,8.1,1,0,0,0,0,0,0,0,0,0,0
2016-04-21 02:00:00,Clear,10.0,37.0,52.0,6.9,1,0,0,0,0,0,0,0,0,0,0
2016-04-21 03:00:00,Clear,10.0,46.0,50.0,4.6,1,0,0,0,0,0,0,0,0,0,0
2016-04-21 04:00:00,Clear,10.0,50.0,48.9,8.1,1,0,0,0,0,0,0,0,0,0,0
2016-04-21 05:00:00,Clear,10.0,52.0,50.0,4.6,1,0,0,0,0,0,0,0,0,0,0
2016-04-21 06:00:00,Clear,10.0,50.0,50.0,3.5,1,0,0,0,0,0,0,0,0,0,0
2016-04-21 07:00:00,Clear,10.0,50.0,51.1,5.8,1,0,0,0,0,0,0,0,0,0,0
2016-04-21 08:00:00,Clear,10.0,47.0,54.0,5.8,1,0,0,0,0,0,0,0,0,0,0
2016-04-21 09:00:00,Clear,10.0,39.0,57.0,5.8,1,0,0,0,0,0,0,0,0,0,0
2016-04-21 10:00:00,Clear,10.0,30.0,62.1,15.0,1,0,0,0,0,0,0,0,0,0,0
2016-04-21 11:00:00,Clear,10.0,28.0,64.9,15.0,1,0,0,0,0,0,0,0,0,0,0
2016-04-21 12:00:00,Clear,10.0,22.0,69.1,3.5,1,0,0,0,0,0,0,0,0,0,0
2016-04-21 13:00:00,Clear,10.0,28.0,68.0,10.4,1,0,0,0,0,0,0,0,0,0,0
2016-04-21 14:00:00,Clear,10.0,29.0,70.0,10.4,1,0,0,0,0,0,0,0,0,0,0
2016-04-21 15:00:00,Clear,10.0,28.0,71.1,10.4,1,0,0,0,0,0,0,0,0,0,0
2016-04-21 16:00:00,Clear,10.0,31.0,71.1,5.8,1,0,0,0,0,0,0,0,0,0,0
2016-04-21 17:00:00,Clear,10.0,38.0,70.0,5.8,1,0,0,0,0,0,0,0,0,0,0
2016-04-21 18:00:00,Clear,10.0,44.0,69.1,3.5,1,0,0,0,0,0,0,0,0,0,0
2016-04-21 19:00:00,Clear,10.0,42.0,70.0,5.8,1,0,0,0,0,0,0,0,0,0,0
2016-04-21 20:00:00,Clear,10.0,44.0,69.1,3.5,1,0,0,0,0,0,0,0,0,0,0
2016-04-21 21:00:00,Clear,10.0,45.0,69.1,4.6,1,0,0,0,0,0,0,0,0,0,0
2016-04-21 22:00:00,Clear,10.0,43.0,68.0,4.6,1,0,0,0,0,0,0,0,0,0,0
2016-04-21 23:00:00,Clear,10.0,44.0,66.9,4.6,1,0,0,0,0,0,0,0,0,0,0
2016-04-22 00:00:00,Clear,10.0,48.0,66.0,5.8,1,0,0,0,0,0,0,0,0,0,0
2016-04-22 01:00:00,Partly Cloudy,10.0,50.0,66.0,6.9,0,0,0,0,0,0,0,1,0,0,0
2016-04-22 02:00:00,Partly Cloudy,10.0,50.0,66.0,3.5,0,0,0,0,0,0,0,1,0,0,0
2016-04-22 03:00:00,Clear,10.0,54.0,64.9,3.5,1,0,0,0,0,0,0,0,0,0,0
2016-04-22 04:00:00,Clear,10.0,54.0,64.9,3.5,1,0,0,0,0,0,0,0,0,0,0
2016-04-22 05:00:00,Clear,10.0,60.0,63.0,3.5,1,0,0,0,0,0,0,0,0,0,0
2016-04-22 06:00:00,Clear,10.0,67.0,63.0,3.5,1,0,0,0,0,0,0,0,0,0,0
2016-04-22 07:00:00,Clear,10.0,68.0,64.9,3.5,1,0,0,0,0,0,0,0,0,0,0
2016-04-22 08:00:00,Clear,9.0,66.0,66.9,4.6,1,0,0,0,0,0,0,0,0,0,0
2016-04-22 09:00:00,Clear,8.0,61.0,69.1,5.8,1,0,0,0,0,0,0,0,0,0,0
2016-04-22 10:00:00,Clear,9.0,55.0,72.0,3.5,1,0,0,0,0,0,0,0,0,0,0
2016-04-22 11:00:00,Clear,9.0,48.0,75.9,8.1,1,0,0,0,0,0,0,0,0,0,0
2016-04-22 12:00:00,Clear,9.0,47.0,77.0,8.1,1,0,0,0,0,0,0,0,0,0,0
2016-04-22 13:00:00,Clear,10.0,43.0,78.1,5.8,1,0,0,0,0,0,0,0,0,0,0
2016-04-22 14:00:00,Clear,8.0,47.0,77.0,6.9,1,0,0,0,0,0,0,0,0,0,0
2016-04-22 15:00:00,Clear,10.0,45.0,77.0,6.9,1,0,0,0,0,0,0,0,0,0,0
2016-04-22 16:00:00,Clear,10.0,45.0,77.0,5.8,1,0,0,0,0,0,0,0,0,0,0
2016-04-22 17:00:00,Clear,10.0,46.0,75.9,4.6,1,0,0,0,0,0,0,0,0,0,0
2016-04-22 18:00:00,Mostly Cloudy,10.0,43.0,75.9,4.6,0,0,0,0,0,1,0,0,0,0,0
2016-04-22 19:00:00,Mostly Cloudy,10.0,52.0,73.9,5.8,0,0,0,0,0,1,0,0,0,0,0
2016-04-22 20:00:00,Overcast,10.0,50.0,73.9,5.8,0,0,0,0,0,0,1,0,0,0,0
2016-04-22 21:00:00,Overcast,10.0,55.0,72.0,3.5,0,0,0,0,0,0,1,0,0,0,0
2016-04-22 22:00:00,Partly Cloudy,10.0,57.0,71.1,5.8,0,0,0,0,0,0,0,1,0,0,0
2016-04-22 23:00:00,Mostly Cloudy,10.0,55.0,71.1,5.8,0,0,0,0,0,1,0,0,0,0,0
2016-04-23 00:00:00,Light Rain,8.0,68.0,66.9,3.5,0,0,0,1,0,0,0,0,0,0,0
2016-04-23 01:00:00,Light Rain,4.0,87.0,64.0,4.6,0,0,0,1,0,0,0,0,0,0,0
2016-04-23 02:00:00,Light Rain,4.0,87.0,64.0,4.6,0,0,0,1,0,0,0,0,0,0,0
2016-04-23 03:00:00,Light Rain,4.0,87.0,64.0,3.5,0,0,0,1,0,0,0,0,0,0,0
2016-04-23 04:00:00,Light Rain,4.0,90.0,63.0,3.5,0,0,0,1,0,0,0,0,0,0,0
2016-04-23 05:00:00,Overcast,4.0,90.0,63.0,3.5,0,0,0,0,0,0,1,0,0,0,0
2016-04-23 06:00:00,Overcast,6.0,90.0,62.1,5.8,0,0,0,0,0,0,1,0,0,0,0
2016-04-23 07:00:00,Light Rain,5.0,87.0,61.0,3.5,0,0,0,1,0,0,0,0,0,0,0
2016-04-23 08:00:00,Light Rain,6.0,87.0,61.0,4.6,0,0,0,1,0,0,0,0,0,0,0
2016-04-23 09:00:00,Overcast,10.0,81.0,61.0,5.8,0,0,0,0,0,0,1,0,0,0,0
2016-04-23 10:00:00,Overcast,10.0,75.0,61.0,5.8,0,0,0,0,0,0,1,0,0,0,0
2016-04-23 11:00:00,Scattered Clouds,10.0,60.0,64.0,6.9,0,0,0,0,0,0,0,0,0,1,0
2016-04-23 12:00:00,Mostly Cloudy,10.0,56.0,64.9,8.1,0,0,0,0,0,1,0,0,0,0,0
2016-04-23 13:00:00,Partly Cloudy,10.0,48.0,66.0,9.2,0,0,0,0,0,0,0,1,0,0,0
2016-04-23 14:00:00,Clear,10.0,42.0,70.0,8.1,1,0,0,0,0,0,0,0,0,0,0
2016-04-23 15:00:00,Mostly Cloudy,10.0,42.0,69.1,9.2,0,0,0,0,0,1,0,0,0,0,0
2016-04-23 16:00:00,Partly Cloudy,10.0,42.0,66.9,10.4,0,0,0,0,0,0,0,1,0,0,0
2016-04-23 17:00:00,Clear,10.0,36.0,68.0,13.8,1,0,0,0,0,0,0,0,0,0,0
2016-04-23 18:00:00,Partly Cloudy,10.0,39.0,64.9,9.2,0,0,0,0,0,0,0,1,0,0,0
2016-04-23 19:00:00,Clear,10.0,39.0,62.1,11.5,1,0,0,0,0,0,0,0,0,0,0
2016-04-23 20:00:00,Clear,10.0,39.0,61.0,8.1,1,0,0,0,0,0,0,0,0,0,0
2016-04-23 21:00:00,Clear,10.0,42.0,59.0,4.6,1,0,0,0,0,0,0,0,0,0,0
2016-04-23 22:00:00,Clear,10.0,36.0,57.9,11.5,1,0,0,0,0,0,0,0,0,0,0
2016-04-23 23:00:00,Clear,10.0,34.0,57.0,10.4,1,0,0,0,0,0,0,0,0,0,0
2016-04-24 00:00:00,Clear,10.0,34.0,55.0,10.4,1,0,0,0,0,0,0,0,0,0,0
2016-04-24 01:00:00,Clear,10.0,32.0,53.1,8.1,1,0,0,0,0,0,0,0,0,0,0
2016-04-24 02:00:00,Clear,10.0,31.0,51.1,8.1,1,0,0,0,0,0,0,0,0,0,0
2016-04-24 03:00:00,Clear,10.0,32.0,50.0,10.4,1,0,0,0,0,0,0,0,0,0,0
2016-04-24 04:00:00,Clear,10.0,35.0,48.9,6.9,1,0,0,0,0,0,0,0,0,0,0
2016-04-24 05:00:00,Clear,10.0,34.0,46.9,9.2,1,0,0,0,0,0,0,0,0,0,0
2016-04-24 06:00:00,Clear,10.0,34.0,48.0,11.5,1,0,0,0,0,0,0,0,0,0,0
2016-04-24 07:00:00,Clear,10.0,33.0,48.0,9.2,1,0,0,0,0,0,0,0,0,0,0
2016-04-24 08:00:00,Clear,10.0,29.0,50.0,5.8,1,0,0,0,0,0,0,0,0,0,0
2016-04-24 09:00:00,Clear,10.0,27.0,52.0,6.9,1,0,0,0,0,0,0,0,0,0,0
2016-04-24 10:00:00,Clear,10.0,23.0,55.0,8.1,1,0,0,0,0,0,0,0,0,0,0
2016-04-24 11:00:00,Clear,10.0,20.0,57.9,8.1,1,0,0,0,0,0,0,0,0,0,0
2016-04-24 12:00:00,Clear,10.0,20.0,61.0,8.1,1,0,0,0,0,0,0,0,0,0,0
2016-04-24 13:00:00,Clear,10.0,18.0,62.1,3.5,1,0,0,0,0,0,0,0,0,0,0
2016-04-24 14:00:00,Clear,10.0,17.0,66.0,8.1,1,0,0,0,0,0,0,0,0,0,0
2016-04-24 15:00:00,Clear,10.0,16.0,66.0,4.6,1,0,0,0,0,0,0,0,0,0,0
2016-04-24 16:00:00,Clear,10.0,18.0,68.0,4.6,1,0,0,0,0,0,0,0,0,0,0
2016-04-24 17:00:00,Clear,10.0,26.0,63.0,4.6,1,0,0,0,0,0,0,0,0,0,0
2016-04-24 18:00:00,Clear,10.0,32.0,57.9,5.8,1,0,0,0,0,0,0,0,0,0,0
2016-04-24 19:00:00,Clear,10.0,37.0,55.0,6.9,1,0,0,0,0,0,0,0,0,0,0
2016-04-24 20:00:00,Clear,10.0,45.0,54.0,5.8,1,0,0,0,0,0,0,0,0,0,0
2016-04-24 21:00:00,Clear,10.0,57.0,53.1,4.6,1,0,0,0,0,0,0,0,0,0,0
2016-04-24 22:00:00,Clear,10.0,61.0,52.0,4.6,1,0,0,0,0,0,0,0,0,0,0
2016-04-24 23:00:00,Clear,10.0,66.0,52.0,3.5,1,0,0,0,0,0,0,0,0,0,0
2016-04-25 00:00:00,Clear,10.0,68.0,51.1,3.5,1,0,0,0,0,0,0,0,0,0,0
2016-04-25 01:00:00,Clear,10.0,66.0,51.1,3.5,1,0,0,0,0,0,0,0,0,0,0
2016-04-25 02:00:00,Clear,10.0,66.0,52.0,3.5,1,0,0,0,0,0,0,0,0,0,0
2016-04-25 03:00:00,Mostly Cloudy,10.0,64.0,53.1,3.5,0,0,0,0,0,1,0,0,0,0,0
2016-04-25 04:00:00,Overcast,10.0,66.0,52.0,3.5,0,0,0,0,0,0,1,0,0,0,0
2016-04-25 05:00:00,Overcast,10.0,57.0,53.1,3.5,0,0,0,0,0,0,1,0,0,0,0
2016-04-25 06:00:00,Overcast,10.0,57.0,54.0,3.5,0,0,0,0,0,0,1,0,0,0,0
2016-04-25 07:00:00,Overcast,10.0,53.0,55.0,3.5,0,0,0,0,0,0,1,0,0,0,0
2016-04-25 08:00:00,Mostly Cloudy,10.0,37.0,57.0,5.8,0,0,0,0,0,1,0,0,0,0,0
2016-04-25 09:00:00,Mostly Cloudy,10.0,32.0,59.0,5.8,0,0,0,0,0,1,0,0,0,0,0
2016-04-25 10:00:00,Partly Cloudy,10.0,32.0,61.0,8.1,0,0,0,0,0,0,0,1,0,0,0
2016-04-25 11:00:00,Clear,10.0,29.0,64.9,8.1,1,0,0,0,0,0,0,0,0,0,0
2016-04-25 12:00:00,Clear,10.0,37.0,64.9,5.8,1,0,0,0,0,0,0,0,0,0,0
2016-04-25 13:00:00,Clear,10.0,35.0,64.0,5.8,1,0,0,0,0,0,0,0,0,0,0
2016-04-25 14:00:00,Clear,10.0,40.0,66.0,3.5,1,0,0,0,0,0,0,0,0,0,0
2016-04-25 15:00:00,Clear,10.0,40.0,66.0,4.6,1,0,0,0,0,0,0,0,0,0,0
2016-04-25 16:00:00,Clear,10.0,40.0,66.9,8.1,1,0,0,0,0,0,0,0,0,0,0
2016-04-25 17:00:00,Clear,10.0,45.0,66.0,5.8,1,0,0,0,0,0,0,0,0,0,0
2016-04-25 18:00:00,Clear,10.0,50.0,63.0,5.8,1,0,0,0,0,0,0,0,0,0,0
2016-04-25 19:00:00,Clear,10.0,56.0,61.0,4.6,1,0,0,0,0,0,0,0,0,0,0
2016-04-25 20:00:00,Clear,10.0,60.0,59.0,4.6,1,0,0,0,0,0,0,0,0,0,0
2016-04-25 21:00:00,Clear,10.0,58.0,59.0,4.6,1,0,0,0,0,0,0,0,0,0,0
2016-04-25 22:00:00,Clear,10.0,62.0,57.9,5.8,1,0,0,0,0,0,0,0,0,0,0
2016-04-25 23:00:00,Clear,10.0,67.0,57.0,5.8,1,0,0,0,0,0,0,0,0,0,0
2016-04-26 00:00:00,Clear,10.0,69.0,55.9,5.8,1,0,0,0,0,0,0,0,0,0,0
2016-04-26 01:00:00,Clear,10.0,72.0,55.0,5.8,1,0,0,0,0,0,0,0,0,0,0
2016-04-26 02:00:00,Overcast,10.0,72.0,55.0,10.4,0,0,0,0,0,0,1,0,0,0,0
2016-04-26 03:00:00,Light Rain,8.0,69.0,55.0,10.4,0,0,0,1,0,0,0,0,0,0,0
2016-04-26 04:00:00,Rain,3.0,86.0,52.0,9.2,0,0,0,0,0,0,0,0,1,0,0
2016-04-26 05:00:00,Mostly Cloudy,6.0,86.0,52.0,6.9,0,0,0,0,0,1,0,0,0,0,0
2016-04-26 06:00:00,Overcast,4.0,89.0,52.0,3.5,0,0,0,0,0,0,1,0,0,0,0
2016-04-26 07:00:00,Overcast,5.0,86.0,53.1,4.6,0,0,0,0,0,0,1,0,0,0,0
2016-04-26 08:00:00,Overcast,5.0,86.0,53.1,4.6,0,0,0,0,0,0,1,0,0,0,0
2016-04-26 09:00:00,Haze,4.0,80.0,55.9,4.6,0,1,0,0,0,0,0,0,0,0,0
2016-04-26 10:00:00,Haze,5.0,80.0,55.9,4.6,0,1,0,0,0,0,0,0,0,0,0
2016-04-26 11:00:00,Haze,4.0,77.0,55.9,6.9,0,1,0,0,0,0,0,0,0,0,0
2016-04-26 12:00:00,Haze,5.0,77.0,55.0,6.9,0,1,0,0,0,0,0,0,0,0,0
2016-04-26 13:00:00,Haze,6.0,70.0,57.9,6.9,0,1,0,0,0,0,0,0,0,0,0
2016-04-26 14:00:00,Partly Cloudy,7.0,62.0,60.1,8.1,0,0,0,0,0,0,0,1,0,0,0
2016-04-26 15:00:00,Haze,6.0,77.0,55.9,10.4,0,1,0,0,0,0,0,0,0,0,0
2016-04-26 16:00:00,Rain,1.8,83.0,54.0,9.2,0,0,0,0,0,0,0,0,1,0,0
2016-04-26 17:00:00,Overcast,4.0,89.0,51.1,5.8,0,0,0,0,0,0,1,0,0,0,0
2016-04-26 18:00:00,Overcast,5.0,86.0,51.1,9.2,0,0,0,0,0,0,1,0,0,0,0
2016-04-26 19:00:00,Haze,6.0,83.0,50.0,9.2,0,1,0,0,0,0,0,0,0,0,0
2016-04-26 20:00:00,Overcast,7.0,83.0,46.9,10.4,0,0,0,0,0,0,1,0,0,0,0
2016-04-26 21:00:00,Overcast,8.0,80.0,48.0,8.1,0,0,0,0,0,0,1,0,0,0,0
2016-04-26 22:00:00,Overcast,9.0,77.0,48.0,10.4,0,0,0,0,0,0,1,0,0,0,0
2016-04-26 23:00:00,Overcast,10.0,77.0,46.9,8.1,0,0,0,0,0,0,1,0,0,0,0
2016-04-27 00:00:00,Overcast,10.0,74.0,46.9,6.9,0,0,0,0,0,0,1,0,0,0,0
2016-04-27 01:00:00,Overcast,10.0,74.0,46.9,5.8,0,0,0,0,0,0,1,0,0,0,0
2016-04-27 02:00:00,Overcast,10.0,76.0,46.0,6.9,0,0,0,0,0,0,1,0,0,0,0
2016-04-27 03:00:00,Overcast,10.0,73.0,46.0,5.8,0,0,0,0,0,0,1,0,0,0,0
2016-04-27 04:00:00,Overcast,10.0,71.0,46.9,5.8,0,0,0,0,0,0,1,0,0,0,0
2016-04-27 05:00:00,Overcast,10.0,68.0,46.9,6.9,0,0,0,0,0,0,1,0,0,0,0
2016-04-27 06:00:00,Overcast,10.0,66.0,46.9,6.9,0,0,0,0,0,0,1,0,0,0,0
2016-04-27 07:00:00,Overcast,10.0,64.0,48.9,5.8,0,0,0,0,0,0,1,0,0,0,0
2016-04-27 08:00:00,Overcast,10.0,63.0,50.0,5.8,0,0,0,0,0,0,1,0,0,0,0
2016-04-27 09:00:00,Overcast,10.0,59.0,51.1,3.5,0,0,0,0,0,0,1,0,0,0,0
2016-04-27 10:00:00,Overcast,10.0,57.0,52.0,3.5,0,0,0,0,0,0,1,0,0,0,0
2016-04-27 11:00:00,Overcast,10.0,55.0,53.1,3.5,0,0,0,0,0,0,1,0,0,0,0
2016-04-27 12:00:00,Overcast,10.0,53.0,55.9,3.5,0,0,0,0,0,0,1,0,0,0,0
2016-04-27 13:00:00,Partly Cloudy,10.0,49.0,57.9,3.5,0,0,0,0,0,0,0,1,0,0,0
2016-04-27 14:00:00,Partly Cloudy,10.0,46.0,59.0,3.5,0,0,0,0,0,0,0,1,0,0,0
2016-04-27 15:00:00,Clear,10.0,46.0,62.1,3.5,1,0,0,0,0,0,0,0,0,0,0
2016-04-27 16:00:00,Clear,10.0,51.0,59.0,6.9,1,0,0,0,0,0,0,0,0,0,0
2016-04-27 17:00:00,Clear,10.0,56.0,57.9,8.1,1,0,0,0,0,0,0,0,0,0,0
2016-04-27 18:00:00,Clear,10.0,59.0,55.0,9.2,1,0,0,0,0,0,0,0,0,0,0
2016-04-27 19:00:00,Clear,10.0,64.0,54.0,4.6,1,0,0,0,0,0,0,0,0,0,0
2016-04-27 20:00:00,Clear,10.0,66.0,54.0,4.6,1,0,0,0,0,0,0,0,0,0,0
2016-04-27 21:00:00,Clear,10.0,66.0,54.0,5.8,1,0,0,0,0,0,0,0,0,0,0
2016-04-27 22:00:00,Clear,10.0,66.0,54.0,5.8,1,0,0,0,0,0,0,0,0,0,0
2016-04-27 23:00:00,Clear,10.0,69.0,53.1,4.6,1,0,0,0,0,0,0,0,0,0,0
2016-04-28 00:00:00,Clear,9.0,71.0,53.1,4.6,1,0,0,0,0,0,0,0,0,0,0
2016-04-28 01:00:00,Clear,9.0,74.0,52.0,4.6,1,0,0,0,0,0,0,0,0,0,0
2016-04-28 02:00:00,Clear,9.0,74.0,51.1,3.5,1,0,0,0,0,0,0,0,0,0,0
2016-04-28 03:00:00,Clear,10.0,50.0,51.1,11.5,1,0,0,0,0,0,0,0,0,0,0
2016-04-28 04:00:00,Clear,10.0,41.0,48.9,6.9,1,0,0,0,0,0,0,0,0,0,0
2016-04-28 05:00:00,Clear,10.0,36.0,48.0,5.8,1,0,0,0,0,0,0,0,0,0,0
2016-04-28 06:00:00,Clear,10.0,33.0,48.0,5.8,1,0,0,0,0,0,0,0,0,0,0
2016-04-28 07:00:00,Clear,10.0,33.0,48.9,4.6,1,0,0,0,0,0,0,0,0,0,0
2016-04-28 08:00:00,Clear,10.0,35.0,50.0,5.8,1,0,0,0,0,0,0,0,0,0,0
2016-04-28 09:00:00,Clear,10.0,30.0,53.1,5.8,1,0,0,0,0,0,0,0,0,0,0
2016-04-28 10:00:00,Clear,10.0,33.0,54.0,6.9,1,0,0,0,0,0,0,0,0,0,0
2016-04-28 11:00:00,Clear,10.0,29.0,55.9,3.5,1,0,0,0,0,0,0,0,0,0,0
2016-04-28 12:00:00,Clear,10.0,25.0,57.9,5.8,1,0,0,0,0,0,0,0,0,0,0
2016-04-28 13:00:00,Clear,10.0,39.0,55.9,6.9,1,0,0,0,0,0,0,0,0,0,0
2016-04-28 14:00:00,Clear,10.0,45.0,55.0,8.1,1,0,0,0,0,0,0,0,0,0,0
2016-04-28 15:00:00,Clear,10.0,40.0,55.0,5.8,1,0,0,0,0,0,0,0,0,0,0
2016-04-28 16:00:00,Clear,10.0,38.0,55.0,5.8,1,0,0,0,0,0,0,0,0,0,0
2016-04-28 17:00:00,Overcast,10.0,41.0,53.1,4.6,0,0,0,0,0,0,1,0,0,0,0
2016-04-28 18:00:00,Overcast,10.0,46.0,51.1,9.2,0,0,0,0,0,0,1,0,0,0,0
2016-04-28 19:00:00,Overcast,10.0,46.0,50.0,9.2,0,0,0,0,0,0,1,0,0,0,0
2016-04-28 20:00:00,Overcast,10.0,48.0,50.0,3.5,0,0,0,0,0,0,1,0,0,0,0
2016-04-28 21:00:00,Overcast,10.0,52.0,50.0,3.5,0,0,0,0,0,0,1,0,0,0,0
2016-04-28 22:00:00,Overcast,10.0,59.0,50.0,3.5,0,0,0,0,0,0,1,0,0,0,0
2016-04-28 23:00:00,Overcast,10.0,61.0,48.9,3.5,0,0,0,0,0,0,1,0,0,0,0
2016-04-29 00:00:00,Overcast,10.0,66.0,48.9,3.5,0,0,0,0,0,0,1,0,0,0,0
2016-04-29 01:00:00,Overcast,10.0,69.0,48.9,3.5,0,0,0,0,0,0,1,0,0,0,0
2016-04-29 02:00:00,Overcast,10.0,64.0,48.9,3.5,0,0,0,0,0,0,1,0,0,0,0
2016-04-29 03:00:00,Overcast,10.0,52.0,50.0,4.6,0,0,0,0,0,0,1,0,0,0,0
2016-04-29 04:00:00,Overcast,10.0,52.0,50.0,4.6,0,0,0,0,0,0,1,0,0,0,0
2016-04-29 05:00:00,Overcast,10.0,56.0,48.9,6.9,0,0,0,0,0,0,1,0,0,0,0
2016-04-29 06:00:00,Overcast,10.0,50.0,50.0,5.8,0,0,0,0,0,0,1,0,0,0,0
2016-04-29 07:00:00,Overcast,10.0,50.0,48.9,9.2,0,0,0,0,0,0,1,0,0,0,0
2016-04-29 08:00:00,Overcast,10.0,50.0,50.0,4.6,0,0,0,0,0,0,1,0,0,0,0
2016-04-29 09:00:00,Overcast,10.0,45.0,52.0,4.6,0,0,0,0,0,0,1,0,0,0,0
2016-04-29 10:00:00,Overcast,10.0,40.0,54.0,10.4,0,0,0,0,0,0,1,0,0,0,0
2016-04-29 11:00:00,Overcast,10.0,30.0,55.0,10.4,0,0,0,0,0,0,1,0,0,0,0
2016-04-29 12:00:00,Overcast,10.0,25.0,57.0,10.4,0,0,0,0,0,0,1,0,0,0,0
2016-04-29 13:00:00,Overcast,10.0,42.0,55.9,10.4,0,0,0,0,0,0,1,0,0,0,0
2016-04-29 14:00:00,Overcast,10.0,42.0,57.0,8.1,0,0,0,0,0,0,1,0,0,0,0
2016-04-29 15:00:00,Overcast,10.0,45.0,55.0,8.1,0,0,0,0,0,0,1,0,0,0,0
2016-04-29 16:00:00,Overcast,10.0,49.0,54.0,3.5,0,0,0,0,0,0,1,0,0,0,0
2016-04-29 17:00:00,Overcast,10.0,53.0,52.0,6.9,0,0,0,0,0,0,1,0,0,0,0
2016-04-29 18:00:00,Overcast,10.0,54.0,52.0,4.6,0,0,0,0,0,0,1,0,0,0,0
2016-04-29 19:00:00,Light Rain,10.0,77.0,46.9,4.6,0,0,0,1,0,0,0,0,0,0,0
2016-04-29 20:00:00,Overcast,10.0,63.0,48.0,6.9,0,0,0,0,0,0,1,0,0,0,0
2016-04-29 21:00:00,Overcast,10.0,61.0,48.9,5.8,0,0,0,0,0,0,1,0,0,0,0
2016-04-29 22:00:00,Light Rain,8.0,79.0,46.0,5.8,0,0,0,1,0,0,0,0,0,0,0
2016-04-29 23:00:00,Overcast,10.0,74.0,45.0,5.8,0,0,0,0,0,0,1,0,0,0,0
2016-04-30 00:00:00,Overcast,10.0,66.0,46.9,3.5,0,0,0,0,0,0,1,0,0,0,0
2016-04-30 01:00:00,Overcast,10.0,71.0,48.0,4.6,0,0,0,0,0,0,1,0,0,0,0
2016-04-30 02:00:00,Overcast,10.0,68.0,48.0,6.9,0,0,0,0,0,0,1,0,0,0,0
2016-04-30 03:00:00,Overcast,10.0,66.0,46.9,6.9,0,0,0,0,0,0,1,0,0,0,0
2016-04-30 04:00:00,Overcast,10.0,68.0,46.9,3.5,0,0,0,0,0,0,1,0,0,0,0
2016-04-30 05:00:00,Overcast,10.0,68.0,46.9,4.6,0,0,0,0,0,0,1,0,0,0,0
2016-04-30 06:00:00,Overcast,10.0,66.0,48.0,3.5,0,0,0,0,0,0,1,0,0,0,0
2016-04-30 07:00:00,Overcast,10.0,66.0,48.9,8.1,0,0,0,0,0,0,1,0,0,0,0
2016-04-30 08:00:00,Overcast,10.0,59.0,51.1,3.5,0,0,0,0,0,0,1,0,0,0,0
2016-04-30 09:00:00,Overcast,10.0,50.0,53.1,3.5,0,0,0,0,0,0,1,0,0,0,0
2016-04-30 10:00:00,Overcast,10.0,49.0,55.9,6.9,0,0,0,0,0,0,1,0,0,0,0
2016-04-30 11:00:00,Clear,10.0,41.0,60.1,5.8,1,0,0,0,0,0,0,0,0,0,0
2016-04-30 12:00:00,Scattered Clouds,10.0,38.0,62.1,8.1,0,0,0,0,0,0,0,0,0,1,0
2016-04-30 13:00:00,Clear,10.0,41.0,62.1,8.1,1,0,0,0,0,0,0,0,0,0,0
2016-04-30 14:00:00,Clear,10.0,34.0,62.1,6.9,1,0,0,0,0,0,0,0,0,0,0
2016-04-30 15:00:00,Clear,10.0,28.0,64.0,3.5,1,0,0,0,0,0,0,0,0,0,0
2016-04-30 16:00:00,Clear,10.0,34.0,61.0,5.8,1,0,0,0,0,0,0,0,0,0,0
2016-04-30 17:00:00,Clear,10.0,39.0,57.0,9.2,1,0,0,0,0,0,0,0,0,0,0
2016-04-30 18:00:00,Clear,10.0,40.0,55.0,4.6,1,0,0,0,0,0,0,0,0,0,0
2016-04-30 19:00:00,Clear,10.0,47.0,53.1,6.9,1,0,0,0,0,0,0,0,0,0,0
2016-04-30 20:00:00,Clear,10.0,53.0,52.0,3.5,1,0,0,0,0,0,0,0,0,0,0
2016-04-30 21:00:00,Clear,10.0,56.0,51.1,8.1,1,0,0,0,0,0,0,0,0,0,0
2016-04-30 22:00:00,Clear,10.0,61.0,50.0,8.1,1,0,0,0,0,0,0,0,0,0,0
2016-04-30 23:00:00,Clear,10.0,59.0,50.0,8.1,1,0,0,0,0,0,0,0,0,0,0
2017-04-01 00:00:00,Overcast,7.0,93.0,37.0,26.5,0,0,0,0,0,0,1,0,0,0,0
2017-04-01 01:00:00,Overcast,5.0,93.0,37.9,12.7,0,0,0,0,0,0,1,0,0,0,0
2017-04-01 02:00:00,Overcast,6.0,96.0,37.0,13.8,0,0,0,0,0,0,1,0,0,0,0
2017-04-01 03:00:00,Overcast,2.5,96.0,37.0,15.0,0,0,0,0,0,0,1,0,0,0,0
2017-04-01 04:00:00,Overcast,3.0,96.0,37.0,11.5,0,0,0,0,0,0,1,0,0,0,0
2017-04-01 05:00:00,Overcast,4.0,93.0,37.0,10.4,0,0,0,0,0,0,1,0,0,0,0
2017-04-01 06:00:00,Overcast,9.0,93.0,37.0,6.9,0,0,0,0,0,0,1,0,0,0,0
2017-04-01 07:00:00,Overcast,10.0,93.0,37.0,4.6,0,0,0,0,0,0,1,0,0,0,0
2017-04-01 08:00:00,Overcast,10.0,89.0,37.9,8.1,0,0,0,0,0,0,1,0,0,0,0
2017-04-01 09:00:00,Overcast,10.0,86.0,39.0,8.1,0,0,0,0,0,0,1,0,0,0,0
2017-04-01 10:00:00,Overcast,10.0,76.0,41.0,8.1,0,0,0,0,0,0,1,0,0,0,0
2017-04-01 11:00:00,Overcast,10.0,71.0,43.0,8.1,0,0,0,0,0,0,1,0,0,0,0
2017-04-01 12:00:00,Overcast,10.0,68.0,44.1,16.1,0,0,0,0,0,0,1,0,0,0,0
2017-04-01 13:00:00,Overcast,10.0,68.0,44.1,12.7,0,0,0,0,0,0,1,0,0,0,0
2017-04-01 14:00:00,Overcast,10.0,63.0,45.0,12.7,0,0,0,0,0,0,1,0,0,0,0
2017-04-01 15:00:00,Overcast,10.0,61.0,46.0,5.8,0,0,0,0,0,0,1,0,0,0,0
2017-04-01 16:00:00,Overcast,10.0,63.0,46.0,11.5,0,0,0,0,0,0,1,0,0,0,0
2017-04-01 17:00:00,Overcast,10.0,61.0,46.0,8.1,0,0,0,0,0,0,1,0,0,0,0
2017-04-01 18:00:00,Mostly Cloudy,10.0,63.0,46.0,5.8,0,0,0,0,0,1,0,0,0,0,0
2017-04-01 19:00:00,Mostly Cloudy,10.0,65.0,45.0,5.8,0,0,0,0,0,1,0,0,0,0,0
2017-04-01 20:00:00,Overcast,10.0,63.0,45.0,5.8,0,0,0,0,0,0,1,0,0,0,0
2017-04-01 21:00:00,Overcast,10.0,65.0,45.0,5.8,0,0,0,0,0,0,1,0,0,0,0
2017-04-01 22:00:00,Overcast,10.0,65.0,45.0,3.5,0,0,0,0,0,0,1,0,0,0,0
2017-04-01 23:00:00,Overcast,10.0,68.0,44.1,3.5,0,0,0,0,0,0,1,0,0,0,0
2017-04-02 00:00:00,Overcast,10.0,66.0,44.6,4.6,0,0,0,0,0,0,1,0,0,0,0
2017-04-02 01:00:00,Overcast,10.0,68.0,44.1,8.1,0,0,0,0,0,0,1,0,0,0,0
2017-04-02 02:00:00,Mostly Cloudy,10.0,65.0,43.0,3.5,0,0,0,0,0,1,0,0,0,0,0
2017-04-02 03:00:00,Partly Cloudy,10.0,65.0,42.1,5.8,0,0,0,0,0,0,0,1,0,0,0
2017-04-02 04:00:00,Mostly Cloudy,10.0,67.0,41.0,5.8,0,0,0,0,0,1,0,0,0,0,0
2017-04-02 05:00:00,Clear,10.0,67.0,41.0,8.1,1,0,0,0,0,0,0,0,0,0,0
2017-04-02 06:00:00,Clear,10.0,67.0,41.0,4.6,1,0,0,0,0,0,0,0,0,0,0
2017-04-02 07:00:00,Clear,10.0,65.0,42.1,4.6,1,0,0,0,0,0,0,0,0,0,0
2017-04-02 08:00:00,Clear,10.0,60.0,44.1,4.6,1,0,0,0,0,0,0,0,0,0,0
2017-04-02 09:00:00,Clear,10.0,54.0,46.9,4.6,1,0,0,0,0,0,0,0,0,0,0
2017-04-02 10:00:00,Clear,10.0,48.0,50.0,5.8,1,0,0,0,0,0,0,0,0,0,0
2017-04-02 11:00:00,Clear,10.0,37.0,54.0,5.8,1,0,0,0,0,0,0,0,0,0,0
2017-04-02 12:00:00,Clear,10.0,30.0,57.0,6.9,1,0,0,0,0,0,0,0,0,0,0
2017-04-02 13:00:00,Clear,10.0,26.0,60.1,8.1,1,0,0,0,0,0,0,0,0,0,0
2017-04-02 14:00:00,Partly Cloudy,10.0,24.0,61.0,9.2,0,0,0,0,0,0,0,1,0,0,0
2017-04-02 15:00:00,Partly Cloudy,10.0,24.0,62.1,8.1,0,0,0,0,0,0,0,1,0,0,0
2017-04-02 16:00:00,Partly Cloudy,10.0,25.0,62.1,10.4,0,0,0,0,0,0,0,1,0,0,0
2017-04-02 17:00:00,Partly Cloudy,10.0,25.0,61.0,8.1,0,0,0,0,0,0,0,1,0,0,0
2017-04-02 18:00:00,Clear,10.0,28.0,60.1,4.6,1,0,0,0,0,0,0,0,0,0,0
2017-04-02 19:00:00,Clear,10.0,29.0,59.0,4.6,1,0,0,0,0,0,0,0,0,0,0
2017-04-02 20:00:00,Clear,10.0,32.0,57.0,3.5,1,0,0,0,0,0,0,0,0,0,0
2017-04-02 21:00:00,Clear,10.0,33.0,57.0,3.5,1,0,0,0,0,0,0,0,0,0,0
2017-04-02 22:00:00,Clear,10.0,36.0,55.9,3.5,1,0,0,0,0,0,0,0,0,0,0
2017-04-02 23:00:00,Clear,10.0,37.0,55.0,3.5,1,0,0,0,0,0,0,0,0,0,0
2017-04-03 00:00:00,Clear,10.0,38.0,54.0,3.5,1,0,0,0,0,0,0,0,0,0,0
2017-04-03 01:00:00,Clear,10.0,38.0,53.1,3.5,1,0,0,0,0,0,0,0,0,0,0
2017-04-03 02:00:00,Clear,10.0,41.0,52.0,3.5,1,0,0,0,0,0,0,0,0,0,0
2017-04-03 03:00:00,Clear,10.0,40.0,52.0,3.5,1,0,0,0,0,0,0,0,0,0,0
2017-04-03 04:00:00,Clear,10.0,43.0,50.0,3.5,1,0,0,0,0,0,0,0,0,0,0
2017-04-03 05:00:00,Clear,10.0,46.0,50.0,3.5,1,0,0,0,0,0,0,0,0,0,0
2017-04-03 06:00:00,Clear,10.0,48.0,50.0,3.5,1,0,0,0,0,0,0,0,0,0,0
2017-04-03 07:00:00,Clear,10.0,47.0,52.0,3.5,1,0,0,0,0,0,0,0,0,0,0
2017-04-03 08:00:00,Clear,10.0,40.0,55.9,3.5,1,0,0,0,0,0,0,0,0,0,0
2017-04-03 09:00:00,Partly Cloudy,10.0,39.0,57.0,3.5,0,0,0,0,0,0,0,1,0,0,0
2017-04-03 10:00:00,Clear,10.0,35.0,59.0,3.5,1,0,0,0,0,0,0,0,0,0,0
2017-04-03 11:00:00,Clear,10.0,31.0,61.0,4.6,1,0,0,0,0,0,0,0,0,0,0
2017-04-03 12:00:00,Clear,10.0,29.0,63.0,9.2,1,0,0,0,0,0,0,0,0,0,0
2017-04-03 13:00:00,Clear,10.0,32.0,60.1,4.6,1,0,0,0,0,0,0,0,0,0,0
2017-04-03 14:00:00,Clear,10.0,31.0,61.0,8.1,1,0,0,0,0,0,0,0,0,0,0
2017-04-03 15:00:00,Clear,10.0,36.0,57.9,11.5,1,0,0,0,0,0,0,0,0,0,0
2017-04-03 16:00:00,Clear,10.0,47.0,55.9,10.4,1,0,0,0,0,0,0,0,0,0,0
2017-04-03 17:00:00,Partly Cloudy,10.0,51.0,54.0,10.4,0,0,0,0,0,0,0,1,0,0,0
2017-04-03 18:00:00,Scattered Clouds,10.0,55.0,53.1,4.6,0,0,0,0,0,0,0,0,0,1,0
2017-04-03 19:00:00,Overcast,10.0,59.0,51.1,8.1,0,0,0,0,0,0,1,0,0,0,0
2017-04-03 20:00:00,Overcast,10.0,61.0,51.1,5.8,0,0,0,0,0,0,1,0,0,0,0
2017-04-03 21:00:00,Overcast,10.0,47.0,53.1,6.9,0,0,0,0,0,0,1,0,0,0,0
2017-04-03 22:00:00,Overcast,10.0,45.0,52.0,6.9,0,0,0,0,0,0,1,0,0,0,0
2017-04-03 23:00:00,Light Rain,9.0,69.0,48.9,5.8,0,0,0,1,0,0,0,0,0,0,0
2017-04-04 00:00:00,Light Rain,8.0,77.0,50.0,9.2,0,0,0,1,0,0,0,0,0,0,0
2017-04-04 01:00:00,Rain,4.0,90.0,48.9,6.9,0,0,0,0,0,0,0,0,1,0,0
2017-04-04 02:00:00,Rain,3.0,90.0,48.9,6.9,0,0,0,0,0,0,0,0,1,0,0
2017-04-04 03:00:00,Heavy Rain,1.5,96.0,50.0,6.9,0,0,1,0,0,0,0,0,0,0,0
2017-04-04 04:00:00,Light Rain,5.0,96.0,50.0,5.8,0,0,0,1,0,0,0,0,0,0,0
2017-04-04 05:00:00,Light Rain,6.0,96.0,51.1,6.9,0,0,0,1,0,0,0,0,0,0,0
2017-04-04 06:00:00,Overcast,2.5,100.0,51.1,3.5,0,0,0,0,0,0,1,0,0,0,0
2017-04-04 07:00:00,Overcast,1.8,96.0,51.1,5.8,0,0,0,0,0,0,1,0,0,0,0
2017-04-04 08:00:00,Overcast,0.8,100.0,50.0,4.6,0,0,0,0,0,0,1,0,0,0,0
2017-04-04 09:00:00,Overcast,1.2,96.0,48.0,5.8,0,0,0,0,0,0,1,0,0,0,0
2017-04-04 10:00:00,Overcast,2.5,100.0,46.9,9.2,0,0,0,0,0,0,1,0,0,0,0
2017-04-04 11:00:00,Overcast,2.5,97.0,46.9,12.7,0,0,0,0,0,0,1,0,0,0,0
2017-04-04 12:00:00,Overcast,6.0,97.0,46.9,10.4,0,0,0,0,0,0,1,0,0,0,0
2017-04-04 13:00:00,Overcast,7.0,96.0,46.0,8.1,0,0,0,0,0,0,1,0,0,0,0
2017-04-04 16:00:00,Overcast,10.0,90.0,48.9,8.1,0,0,0,0,0,0,1,0,0,0,0
2017-04-04 17:00:00,Overcast,10.0,90.0,48.9,5.8,0,0,0,0,0,0,1,0,0,0,0
2017-04-04 18:00:00,Overcast,10.0,86.0,48.0,6.9,0,0,0,0,0,0,1,0,0,0,0
2017-04-04 19:00:00,Overcast,10.0,86.0,48.0,8.1,0,0,0,0,0,0,1,0,0,0,0
2017-04-04 20:00:00,Overcast,10.0,89.0,48.0,5.8,0,0,0,0,0,0,1,0,0,0,0
2017-04-04 21:00:00,Overcast,10.0,90.0,46.9,4.6,0,0,0,0,0,0,1,0,0,0,0
2017-04-04 22:00:00,Overcast,8.0,89.0,46.0,4.6,0,0,0,0,0,0,1,0,0,0,0
2017-04-04 23:00:00,Overcast,7.0,89.0,46.0,4.6,0,0,0,0,0,0,1,0,0,0,0
2017-04-05 00:00:00,Overcast,4.0,93.0,46.0,5.8,0,0,0,0,0,0,1,0,0,0,0
2017-04-05 01:00:00,Overcast,4.0,97.0,45.0,3.5,0,0,0,0,0,0,1,0,0,0,0
2017-04-05 02:00:00,Overcast,3.0,96.0,46.0,4.6,0,0,0,0,0,0,1,0,0,0,0
2017-04-05 03:00:00,Overcast,3.0,96.0,46.0,3.5,0,0,0,0,0,0,1,0,0,0,0
2017-04-05 04:00:00,Overcast,2.0,96.0,46.0,3.5,0,0,0,0,0,0,1,0,0,0,0
2017-04-05 05:00:00,Overcast,3.0,93.0,46.0,4.6,0,0,0,0,0,0,1,0,0,0,0
2017-04-05 06:00:00,Overcast,2.5,93.0,46.0,4.6,0,0,0,0,0,0,1,0,0,0,0
2017-04-05 07:00:00,Overcast,3.0,93.0,48.0,4.6,0,0,0,0,0,0,1,0,0,0,0
2017-04-05 08:00:00,Partly Cloudy,5.0,86.0,48.9,4.6,0,0,0,0,0,0,0,1,0,0,0
2017-04-05 09:00:00,Haze,5.0,80.0,51.1,4.6,0,1,0,0,0,0,0,0,0,0,0
2017-04-05 10:00:00,Overcast,8.0,71.0,53.1,4.6,0,0,0,0,0,0,1,0,0,0,0
2017-04-05 11:00:00,Overcast,10.0,62.0,55.9,3.5,0,0,0,0,0,0,1,0,0,0,0
2017-04-05 12:00:00,Overcast,10.0,55.0,55.9,3.5,0,0,0,0,0,0,1,0,0,0,0
2017-04-05 13:00:00,Overcast,10.0,53.0,57.9,3.5,0,0,0,0,0,0,1,0,0,0,0
2017-04-05 14:00:00,Mostly Cloudy,10.0,46.0,61.0,3.5,0,0,0,0,0,1,0,0,0,0,0
2017-04-05 15:00:00,Clear,10.0,45.0,63.0,3.5,1,0,0,0,0,0,0,0,0,0,0
2017-04-05 16:00:00,Clear,10.0,48.0,62.1,8.1,1,0,0,0,0,0,0,0,0,0,0
2017-04-05 17:00:00,Clear,10.0,49.0,60.1,4.6,1,0,0,0,0,0,0,0,0,0,0
2017-04-05 18:00:00,Clear,8.0,71.0,53.1,6.9,1,0,0,0,0,0,0,0,0,0,0
2017-04-05 19:00:00,Clear,9.0,83.0,46.9,3.5,1,0,0,0,0,0,0,0,0,0,0
2017-04-05 20:00:00,Clear,9.0,86.0,46.0,8.1,1,0,0,0,0,0,0,0,0,0,0
2017-04-05 21:00:00,Clear,9.0,86.0,46.9,3.5,1,0,0,0,0,0,0,0,0,0,0
2017-04-05 22:00:00,Clear,10.0,80.0,48.0,10.4,1,0,0,0,0,0,0,0,0,0,0
2017-04-05 23:00:00,Scattered Clouds,10.0,83.0,46.0,6.9,0,0,0,0,0,0,0,0,0,1,0
2017-04-06 00:00:00,Overcast,10.0,82.0,45.0,5.8,0,0,0,0,0,0,1,0,0,0,0
2017-04-06 01:00:00,Overcast,10.0,79.0,46.0,6.9,0,0,0,0,0,0,1,0,0,0,0
2017-04-06 02:00:00,Overcast,10.0,79.0,46.0,6.9,0,0,0,0,0,0,1,0,0,0,0
2017-04-06 03:00:00,Overcast,10.0,80.0,45.0,8.1,0,0,0,0,0,0,1,0,0,0,0
2017-04-06 04:00:00,Overcast,10.0,89.0,43.0,9.2,0,0,0,0,0,0,1,0,0,0,0
2017-04-06 05:00:00,Overcast,10.0,86.0,43.0,6.9,0,0,0,0,0,0,1,0,0,0,0
2017-04-06 06:00:00,Light Rain,8.0,92.0,42.1,9.2,0,0,0,1,0,0,0,0,0,0,0
2017-04-06 07:00:00,Overcast,10.0,93.0,41.0,10.4,0,0,0,0,0,0,1,0,0,0,0
2017-04-06 08:00:00,Overcast,2.5,93.0,41.0,8.1,0,0,0,0,0,0,1,0,0,0,0
2017-04-06 09:00:00,Light Rain,5.0,96.0,41.0,8.1,0,0,0,1,0,0,0,0,0,0,0
2017-04-06 10:00:00,Light Rain,2.0,96.0,41.0,11.5,0,0,0,1,0,0,0,0,0,0,0
2017-04-06 11:00:00,Light Rain,1.5,92.0,42.1,9.2,0,0,0,1,0,0,0,0,0,0,0
2017-04-06 12:00:00,Overcast,2.0,92.0,42.1,11.5,0,0,0,0,0,0,1,0,0,0,0
2017-04-06 13:00:00,Overcast,1.8,96.0,41.0,13.8,0,0,0,0,0,0,1,0,0,0,0
2017-04-06 14:00:00,Overcast,2.5,96.0,41.0,16.1,0,0,0,0,0,0,1,0,0,0,0
2017-04-06 15:00:00,Overcast,2.0,96.0,42.1,17.3,0,0,0,0,0,0,1,0,0,0,0
2017-04-06 16:00:00,Light Rain,3.0,93.0,42.8,10.4,0,0,0,1,0,0,0,0,0,0,0
2017-04-06 17:00:00,Light Rain,3.0,100.0,45.0,15.0,0,0,0,1,0,0,0,0,0,0,0
2017-04-06 18:00:00,Clear,8.0,93.0,48.9,4.6,1,0,0,0,0,0,0,0,0,0,0
2017-04-06 21:00:00,Partly Cloudy,10.0,80.0,50.0,9.2,0,0,0,0,0,0,0,1,0,0,0
2017-04-06 22:00:00,Partly Cloudy,10.0,80.0,50.0,8.1,0,0,0,0,0,0,0,1,0,0,0
2017-04-06 23:00:00,Clear,10.0,77.0,51.1,9.2,1,0,0,0,0,0,0,0,0,0,0
2017-04-07 00:00:00,Partly Cloudy,10.0,80.0,50.0,9.2,0,0,0,0,0,0,0,1,0,0,0
2017-04-07 01:00:00,Mostly Cloudy,10.0,68.0,51.1,8.1,0,0,0,0,0,1,0,0,0,0,0
2017-04-07 02:00:00,Clear,10.0,64.0,48.9,8.1,1,0,0,0,0,0,0,0,0,0,0
2017-04-07 03:00:00,Clear,10.0,61.0,48.0,13.8,1,0,0,0,0,0,0,0,0,0,0
2017-04-07 04:00:00,Mostly Cloudy,10.0,66.0,46.0,4.6,0,0,0,0,0,1,0,0,0,0,0
2017-04-07 05:00:00,Mostly Cloudy,10.0,63.0,46.0,3.5,0,0,0,0,0,1,0,0,0,0,0
2017-04-07 06:00:00,Overcast,10.0,63.0,46.0,10.4,0,0,0,0,0,0,1,0,0,0,0
2017-04-07 07:00:00,Overcast,10.0,63.0,46.0,13.8,0,0,0,0,0,0,1,0,0,0,0
2017-04-07 08:00:00,Overcast,10.0,61.0,46.0,5.8,0,0,0,0,0,0,1,0,0,0,0
2017-04-07 09:00:00,Overcast,10.0,58.0,46.0,16.1,0,0,0,0,0,0,1,0,0,0,0
2017-04-07 10:00:00,Overcast,10.0,73.0,44.1,10.4,0,0,0,0,0,0,1,0,0,0,0
2017-04-07 11:00:00,Overcast,10.0,71.0,45.0,10.4,0,0,0,0,0,0,1,0,0,0,0
2017-04-07 12:00:00,Overcast,10.0,66.0,46.0,9.2,0,0,0,0,0,0,1,0,0,0,0
2017-04-07 13:00:00,Overcast,10.0,61.0,46.9,9.2,0,0,0,0,0,0,1,0,0,0,0
2017-04-07 14:00:00,Overcast,10.0,61.0,46.9,10.4,0,0,0,0,0,0,1,0,0,0,0
2017-04-07 15:00:00,Overcast,10.0,58.0,48.0,9.2,0,0,0,0,0,0,1,0,0,0,0
2017-04-07 16:00:00,Overcast,10.0,52.0,48.0,10.4,0,0,0,0,0,0,1,0,0,0,0
2017-04-07 17:00:00,Overcast,10.0,52.0,46.9,9.2,0,0,0,0,0,0,1,0,0,0,0
2017-04-07 18:00:00,Overcast,10.0,53.0,45.0,12.7,0,0,0,0,0,0,1,0,0,0,0
2017-04-07 19:00:00,Mostly Cloudy,10.0,60.0,43.0,12.7,0,0,0,0,0,1,0,0,0,0,0
2017-04-07 20:00:00,Overcast,10.0,53.0,43.0,6.9,0,0,0,0,0,0,1,0,0,0,0
2017-04-07 21:00:00,Overcast,10.0,55.0,41.0,17.3,0,0,0,0,0,0,1,0,0,0,0
2017-04-07 22:00:00,Overcast,10.0,55.0,41.0,12.7,0,0,0,0,0,0,1,0,0,0,0
2017-04-07 23:00:00,Overcast,10.0,55.0,41.0,15.0,0,0,0,0,0,0,1,0,0,0,0
2017-04-08 00:00:00,Overcast,10.0,60.0,39.9,9.2,0,0,0,0,0,0,1,0,0,0,0
2017-04-08 01:00:00,Overcast,10.0,60.0,39.9,8.1,0,0,0,0,0,0,1,0,0,0,0
2017-04-08 02:00:00,Overcast,10.0,60.0,39.9,10.4,0,0,0,0,0,0,1,0,0,0,0
2017-04-08 03:00:00,Overcast,10.0,53.0,41.0,12.7,0,0,0,0,0,0,1,0,0,0,0
2017-04-08 04:00:00,Overcast,10.0,51.0,41.0,9.2,0,0,0,0,0,0,1,0,0,0,0
2017-04-08 05:00:00,Scattered Clouds,10.0,45.0,41.0,10.4,0,0,0,0,0,0,0,0,0,1,0
2017-04-08 06:00:00,Partly Cloudy,10.0,47.0,39.9,5.8,0,0,0,0,0,0,0,1,0,0,0
2017-04-08 07:00:00,Mostly Cloudy,10.0,49.0,41.0,8.1,0,0,0,0,0,1,0,0,0,0,0
2017-04-08 08:00:00,Scattered Clouds,10.0,45.0,42.1,9.2,0,0,0,0,0,0,0,0,0,1,0
2017-04-08 09:00:00,Partly Cloudy,10.0,42.0,43.0,9.2,0,0,0,0,0,0,0,1,0,0,0
2017-04-08 10:00:00,Clear,10.0,35.0,46.0,6.9,1,0,0,0,0,0,0,0,0,0,0
2017-04-08 11:00:00,Clear,10.0,34.0,48.0,6.9,1,0,0,0,0,0,0,0,0,0,0
2017-04-08 12:00:00,Clear,10.0,31.0,51.1,8.1,1,0,0,0,0,0,0,0,0,0,0
2017-04-08 13:00:00,Clear,10.0,28.0,52.0,11.5,1,0,0,0,0,0,0,0,0,0,0
2017-04-08 14:00:00,Clear,10.0,25.0,55.0,11.5,1,0,0,0,0,0,0,0,0,0,0
2017-04-08 15:00:00,Clear,10.0,25.0,55.0,15.0,1,0,0,0,0,0,0,0,0,0,0
2017-04-08 16:00:00,Clear,10.0,24.0,55.9,9.2,1,0,0,0,0,0,0,0,0,0,0
2017-04-08 17:00:00,Clear,10.0,24.0,55.9,11.5,1,0,0,0,0,0,0,0,0,0,0
2017-04-08 18:00:00,Clear,10.0,24.0,55.0,11.5,1,0,0,0,0,0,0,0,0,0,0
2017-04-08 19:00:00,Clear,10.0,26.0,53.1,11.5,1,0,0,0,0,0,0,0,0,0,0
2017-04-08 20:00:00,Clear,10.0,31.0,51.1,3.5,1,0,0,0,0,0,0,0,0,0,0
2017-04-08 21:00:00,Clear,10.0,29.0,51.1,6.9,1,0,0,0,0,0,0,0,0,0,0
2017-04-08 22:00:00,Clear,10.0,29.0,50.0,3.5,1,0,0,0,0,0,0,0,0,0,0
2017-04-08 23:00:00,Clear,10.0,31.0,48.9,3.5,1,0,0,0,0,0,0,0,0,0,0
2017-04-09 00:00:00,Clear,10.0,34.0,46.9,4.6,1,0,0,0,0,0,0,0,0,0,0
2017-04-09 01:00:00,Clear,10.0,34.0,46.9,6.9,1,0,0,0,0,0,0,0,0,0,0
2017-04-09 02:00:00,Clear,10.0,35.0,46.0,5.8,1,0,0,0,0,0,0,0,0,0,0
2017-04-09 03:00:00,Clear,10.0,34.0,46.0,5.8,1,0,0,0,0,0,0,0,0,0,0
2017-04-09 04:00:00,Clear,10.0,35.0,46.0,3.5,1,0,0,0,0,0,0,0,0,0,0
2017-04-09 05:00:00,Clear,10.0,34.0,46.0,3.5,1,0,0,0,0,0,0,0,0,0,0
2017-04-09 06:00:00,Clear,10.0,37.0,45.0,3.5,1,0,0,0,0,0,0,0,0,0,0
2017-04-09 07:00:00,Clear,10.0,34.0,48.0,5.8,1,0,0,0,0,0,0,0,0,0,0
2017-04-09 08:00:00,Clear,10.0,32.0,50.0,4.6,1,0,0,0,0,0,0,0,0,0,0
2017-04-09 09:00:00,Clear,10.0,32.0,52.0,4.6,1,0,0,0,0,0,0,0,0,0,0
2017-04-09 10:00:00,Clear,10.0,26.0,55.9,4.6,1,0,0,0,0,0,0,0,0,0,0
2017-04-09 11:00:00,Clear,10.0,25.0,59.0,5.8,1,0,0,0,0,0,0,0,0,0,0
2017-04-09 12:00:00,Clear,10.0,25.0,62.1,8.1,1,0,0,0,0,0,0,0,0,0,0
2017-04-09 13:00:00,Clear,10.0,23.0,64.0,6.9,1,0,0,0,0,0,0,0,0,0,0
2017-04-09 14:00:00,Clear,10.0,21.0,66.0,4.6,1,0,0,0,0,0,0,0,0,0,0
2017-04-09 15:00:00,Clear,10.0,25.0,63.0,8.1,1,0,0,0,0,0,0,0,0,0,0
2017-04-09 16:00:00,Clear,10.0,25.0,61.0,6.9,1,0,0,0,0,0,0,0,0,0,0
2017-04-09 17:00:00,Clear,10.0,30.0,60.1,9.2,1,0,0,0,0,0,0,0,0,0,0
2017-04-09 18:00:00,Clear,10.0,37.0,57.0,3.5,1,0,0,0,0,0,0,0,0,0,0
2017-04-09 19:00:00,Clear,10.0,45.0,55.0,3.5,1,0,0,0,0,0,0,0,0,0,0
2017-04-09 20:00:00,Clear,10.0,51.0,54.0,3.5,1,0,0,0,0,0,0,0,0,0,0
2017-04-09 21:00:00,Clear,10.0,49.0,55.0,3.5,1,0,0,0,0,0,0,0,0,0,0
2017-04-09 22:00:00,Clear,10.0,42.0,55.9,3.5,1,0,0,0,0,0,0,0,0,0,0
2017-04-09 23:00:00,Clear,10.0,32.0,57.9,12.7,1,0,0,0,0,0,0,0,0,0,0
2017-04-10 00:00:00,Clear,10.0,34.0,57.0,8.1,1,0,0,0,0,0,0,0,0,0,0
2017-04-10 01:00:00,Clear,10.0,38.0,55.0,4.6,1,0,0,0,0,0,0,0,0,0,0
2017-04-10 02:00:00,Clear,10.0,42.0,55.0,11.5,1,0,0,0,0,0,0,0,0,0,0
2017-04-10 03:00:00,Clear,10.0,42.0,55.0,9.2,1,0,0,0,0,0,0,0,0,0,0
2017-04-10 04:00:00,Clear,10.0,43.0,55.0,4.6,1,0,0,0,0,0,0,0,0,0,0
2017-04-10 05:00:00,Clear,10.0,45.0,54.0,4.6,1,0,0,0,0,0,0,0,0,0,0
2017-04-10 06:00:00,Clear,10.0,40.0,55.0,5.8,1,0,0,0,0,0,0,0,0,0,0
2017-04-10 07:00:00,Clear,10.0,39.0,57.0,5.8,1,0,0,0,0,0,0,0,0,0,0
2017-04-10 08:00:00,Clear,10.0,41.0,57.9,5.8,1,0,0,0,0,0,0,0,0,0,0
2017-04-10 09:00:00,Clear,10.0,39.0,61.0,3.5,1,0,0,0,0,0,0,0,0,0,0
2017-04-10 10:00:00,Clear,10.0,33.0,66.0,4.6,1,0,0,0,0,0,0,0,0,0,0
2017-04-10 11:00:00,Clear,10.0,28.0,72.0,5.8,1,0,0,0,0,0,0,0,0,0,0
2017-04-10 12:00:00,Clear,10.0,29.0,73.0,6.9,1,0,0,0,0,0,0,0,0,0,0
2017-04-10 13:00:00,Clear,10.0,34.0,71.1,5.8,1,0,0,0,0,0,0,0,0,0,0
2017-04-10 14:00:00,Clear,10.0,34.0,73.9,8.1,1,0,0,0,0,0,0,0,0,0,0
2017-04-10 15:00:00,Clear,10.0,33.0,73.0,9.2,1,0,0,0,0,0,0,0,0,0,0
2017-04-10 16:00:00,Clear,10.0,34.0,73.9,5.8,1,0,0,0,0,0,0,0,0,0,0
2017-04-10 17:00:00,Clear,10.0,34.0,73.0,3.5,1,0,0,0,0,0,0,0,0,0,0
2017-04-10 18:00:00,Clear,10.0,38.0,71.1,5.8,1,0,0,0,0,0,0,0,0,0,0
2017-04-10 19:00:00,Clear,10.0,42.0,69.1,5.8,1,0,0,0,0,0,0,0,0,0,0
2017-04-10 20:00:00,Clear,10.0,39.0,70.0,5.8,1,0,0,0,0,0,0,0,0,0,0
2017-04-10 21:00:00,Clear,10.0,42.0,69.1,3.5,1,0,0,0,0,0,0,0,0,0,0
2017-04-10 22:00:00,Clear,10.0,45.0,66.0,5.8,1,0,0,0,0,0,0,0,0,0,0
2017-04-10 23:00:00,Clear,10.0,40.0,68.0,9.2,1,0,0,0,0,0,0,0,0,0,0
2017-04-11 00:00:00,Clear,10.0,44.0,66.9,9.2,1,0,0,0,0,0,0,0,0,0,0
2017-04-11 01:00:00,Clear,10.0,50.0,64.0,6.9,1,0,0,0,0,0,0,0,0,0,0
2017-04-11 02:00:00,Clear,10.0,48.0,64.9,9.2,1,0,0,0,0,0,0,0,0,0,0
2017-04-11 03:00:00,Clear,10.0,52.0,63.0,9.2,1,0,0,0,0,0,0,0,0,0,0
2017-04-11 04:00:00,Clear,10.0,52.0,63.0,10.4,1,0,0,0,0,0,0,0,0,0,0
2017-04-11 05:00:00,Clear,10.0,53.0,62.1,11.5,1,0,0,0,0,0,0,0,0,0,0
2017-04-11 06:00:00,Clear,10.0,56.0,62.1,8.1,1,0,0,0,0,0,0,0,0,0,0
2017-04-11 07:00:00,Clear,10.0,54.0,63.0,3.5,1,0,0,0,0,0,0,0,0,0,0
2017-04-11 08:00:00,Clear,10.0,52.0,64.0,5.8,1,0,0,0,0,0,0,0,0,0,0
2017-04-11 09:00:00,Clear,10.0,49.0,66.9,5.8,1,0,0,0,0,0,0,0,0,0,0
2017-04-11 10:00:00,Clear,10.0,41.0,72.0,3.5,1,0,0,0,0,0,0,0,0,0,0
2017-04-11 11:00:00,Clear,10.0,37.0,75.9,4.6,1,0,0,0,0,0,0,0,0,0,0
2017-04-11 12:00:00,Clear,10.0,31.0,80.1,5.8,1,0,0,0,0,0,0,0,0,0,0
2017-04-11 13:00:00,Clear,10.0,36.0,78.1,9.2,1,0,0,0,0,0,0,0,0,0,0
2017-04-11 14:00:00,Clear,10.0,37.0,78.1,9.2,1,0,0,0,0,0,0,0,0,0,0
2017-04-11 15:00:00,Clear,10.0,39.0,78.1,8.1,1,0,0,0,0,0,0,0,0,0,0
2017-04-11 16:00:00,Clear,10.0,43.0,75.0,8.1,1,0,0,0,0,0,0,0,0,0,0
2017-04-11 17:00:00,Clear,10.0,45.0,73.9,6.9,1,0,0,0,0,0,0,0,0,0,0
2017-04-11 18:00:00,Clear,10.0,48.0,72.0,6.9,1,0,0,0,0,0,0,0,0,0,0
2017-04-11 19:00:00,Clear,10.0,54.0,69.1,3.5,1,0,0,0,0,0,0,0,0,0,0
2017-04-11 20:00:00,Clear,10.0,63.0,64.9,3.5,1,0,0,0,0,0,0,0,0,0,0
2017-04-11 21:00:00,Clear,10.0,63.0,64.0,3.5,1,0,0,0,0,0,0,0,0,0,0
2017-04-11 22:00:00,Clear,10.0,67.0,62.1,3.5,1,0,0,0,0,0,0,0,0,0,0
2017-04-11 23:00:00,Clear,10.0,67.0,62.1,3.5,1,0,0,0,0,0,0,0,0,0,0
2017-04-12 00:00:00,Clear,10.0,67.0,62.1,5.8,1,0,0,0,0,0,0,0,0,0,0
2017-04-12 01:00:00,Clear,10.0,67.0,62.1,5.8,1,0,0,0,0,0,0,0,0,0,0
2017-04-12 02:00:00,Clear,10.0,75.0,60.1,5.8,1,0,0,0,0,0,0,0,0,0,0
2017-04-12 03:00:00,Clear,10.0,78.0,57.9,4.6,1,0,0,0,0,0,0,0,0,0,0
2017-04-12 04:00:00,Clear,10.0,75.0,59.0,3.5,1,0,0,0,0,0,0,0,0,0,0
2017-04-12 05:00:00,Clear,10.0,75.0,59.0,3.5,1,0,0,0,0,0,0,0,0,0,0
2017-04-12 06:00:00,Clear,10.0,78.0,57.9,3.5,1,0,0,0,0,0,0,0,0,0,0
2017-04-12 07:00:00,Clear,10.0,70.0,61.0,3.5,1,0,0,0,0,0,0,0,0,0,0
2017-04-12 08:00:00,Mostly Cloudy,9.0,59.0,66.0,3.5,0,0,0,0,0,1,0,0,0,0,0
2017-04-12 09:00:00,Mostly Cloudy,9.0,54.0,69.1,3.5,0,0,0,0,0,1,0,0,0,0,0
2017-04-12 10:00:00,Overcast,10.0,54.0,69.1,5.8,0,0,0,0,0,0,1,0,0,0,0
2017-04-12 11:00:00,Light Rain,10.0,81.0,63.0,3.5,0,0,0,1,0,0,0,0,0,0,0
2017-04-12 12:00:00,Rain,4.0,78.0,64.0,3.5,0,0,0,0,0,0,0,0,1,0,0
2017-04-12 13:00:00,Mostly Cloudy,10.0,68.0,66.9,3.5,0,0,0,0,0,1,0,0,0,0,0
2017-04-12 14:00:00,Clear,10.0,55.0,70.0,5.8,1,0,0,0,0,0,0,0,0,0,0
2017-04-12 15:00:00,Clear,10.0,49.0,73.0,5.8,1,0,0,0,0,0,0,0,0,0,0
2017-04-12 16:00:00,Clear,10.0,43.0,73.9,5.8,1,0,0,0,0,0,0,0,0,0,0
2017-04-12 17:00:00,Clear,10.0,40.0,73.9,5.8,1,0,0,0,0,0,0,0,0,0,0
2017-04-12 18:00:00,Clear,10.0,24.0,73.9,8.1,1,0,0,0,0,0,0,0,0,0,0
2017-04-12 19:00:00,Clear,10.0,42.0,70.0,3.5,1,0,0,0,0,0,0,0,0,0,0
2017-04-12 20:00:00,Clear,10.0,40.0,69.1,3.5,1,0,0,0,0,0,0,0,0,0,0
2017-04-12 21:00:00,Clear,10.0,37.0,68.0,3.5,1,0,0,0,0,0,0,0,0,0,0
2017-04-12 22:00:00,Clear,10.0,48.0,64.9,5.8,1,0,0,0,0,0,0,0,0,0,0
2017-04-12 23:00:00,Clear,10.0,43.0,63.0,4.6,1,0,0,0,0,0,0,0,0,0,0
2017-04-13 00:00:00,Clear,10.0,62.0,57.9,9.2,1,0,0,0,0,0,0,0,0,0,0
2017-04-13 01:00:00,Clear,10.0,57.0,55.9,9.2,1,0,0,0,0,0,0,0,0,0,0
2017-04-13 02:00:00,Clear,10.0,49.0,52.0,11.5,1,0,0,0,0,0,0,0,0,0,0
2017-04-13 03:00:00,Clear,10.0,52.0,50.0,3.5,1,0,0,0,0,0,0,0,0,0,0
2017-04-13 04:00:00,Clear,10.0,52.0,48.9,3.5,1,0,0,0,0,0,0,0,0,0,0
2017-04-13 05:00:00,Clear,10.0,52.0,48.9,3.5,1,0,0,0,0,0,0,0,0,0,0
2017-04-13 06:00:00,Clear,10.0,52.0,48.9,3.5,1,0,0,0,0,0,0,0,0,0,0
2017-04-13 07:00:00,Clear,10.0,52.0,48.9,6.9,1,0,0,0,0,0,0,0,0,0,0
2017-04-13 08:00:00,Clear,9.0,48.0,50.0,6.9,1,0,0,0,0,0,0,0,0,0,0
2017-04-13 09:00:00,Clear,10.0,46.0,51.1,6.9,1,0,0,0,0,0,0,0,0,0,0
2017-04-13 10:00:00,Clear,10.0,41.0,52.0,8.1,1,0,0,0,0,0,0,0,0,0,0
2017-04-13 11:00:00,Clear,10.0,36.0,55.9,8.1,1,0,0,0,0,0,0,0,0,0,0
2017-04-13 12:00:00,Clear,10.0,33.0,57.9,8.1,1,0,0,0,0,0,0,0,0,0,0
2017-04-13 13:00:00,Clear,10.0,30.0,60.1,6.9,1,0,0,0,0,0,0,0,0,0,0
2017-04-13 14:00:00,Clear,10.0,28.0,62.1,4.6,1,0,0,0,0,0,0,0,0,0,0
2017-04-13 15:00:00,Clear,10.0,26.0,64.0,4.6,1,0,0,0,0,0,0,0,0,0,0
2017-04-13 16:00:00,Clear,10.0,24.0,64.0,5.8,1,0,0,0,0,0,0,0,0,0,0
2017-04-13 17:00:00,Clear,10.0,25.0,63.0,3.5,1,0,0,0,0,0,0,0,0,0,0
2017-04-13 18:00:00,Clear,10.0,25.0,62.1,3.5,1,0,0,0,0,0,0,0,0,0,0
2017-04-13 19:00:00,Clear,10.0,27.0,60.1,3.5,1,0,0,0,0,0,0,0,0,0,0
2017-04-13 20:00:00,Partly Cloudy,10.0,27.0,59.0,3.5,0,0,0,0,0,0,0,1,0,0,0
2017-04-13 21:00:00,Partly Cloudy,10.0,28.0,57.0,5.8,0,0,0,0,0,0,0,1,0,0,0
2017-04-13 22:00:00,Clear,10.0,28.0,55.9,5.8,1,0,0,0,0,0,0,0,0,0,0
2017-04-13 23:00:00,Clear,10.0,30.0,55.0,6.9,1,0,0,0,0,0,0,0,0,0,0
2017-04-14 00:00:00,Clear,10.0,32.0,53.1,6.9,1,0,0,0,0,0,0,0,0,0,0
2017-04-14 01:00:00,Clear,10.0,34.0,53.1,6.9,1,0,0,0,0,0,0,0,0,0,0
2017-04-14 02:00:00,Clear,10.0,38.0,51.1,6.9,1,0,0,0,0,0,0,0,0,0,0
2017-04-14 03:00:00,Clear,10.0,39.0,50.0,6.9,1,0,0,0,0,0,0,0,0,0,0
2017-04-14 04:00:00,Clear,10.0,38.0,50.0,4.6,1,0,0,0,0,0,0,0,0,0,0
2017-04-14 05:00:00,Scattered Clouds,10.0,41.0,48.9,4.6,0,0,0,0,0,0,0,0,0,1,0
2017-04-14 06:00:00,Clear,10.0,41.0,48.9,4.6,1,0,0,0,0,0,0,0,0,0,0
2017-04-14 07:00:00,Scattered Clouds,10.0,43.0,50.0,5.8,0,0,0,0,0,0,0,0,0,1,0
2017-04-14 08:00:00,Overcast,10.0,40.0,52.0,4.6,0,0,0,0,0,0,1,0,0,0,0
2017-04-14 09:00:00,Overcast,10.0,35.0,54.0,4.6,0,0,0,0,0,0,1,0,0,0,0
2017-04-14 10:00:00,Partly Cloudy,10.0,31.0,57.9,4.6,0,0,0,0,0,0,0,1,0,0,0
2017-04-14 11:00:00,Scattered Clouds,10.0,30.0,61.0,4.6,0,0,0,0,0,0,0,0,0,1,0
2017-04-14 12:00:00,Clear,10.0,28.0,63.0,5.8,1,0,0,0,0,0,0,0,0,0,0
2017-04-14 13:00:00,Clear,10.0,24.0,64.9,4.6,1,0,0,0,0,0,0,0,0,0,0
2017-04-14 14:00:00,Clear,10.0,23.0,64.0,4.6,1,0,0,0,0,0,0,0,0,0,0
2017-04-14 15:00:00,Clear,10.0,21.0,64.0,3.5,1,0,0,0,0,0,0,0,0,0,0
2017-04-14 16:00:00,Clear,10.0,26.0,64.0,4.6,1,0,0,0,0,0,0,0,0,0,0
2017-04-14 17:00:00,Clear,10.0,30.0,62.1,6.9,1,0,0,0,0,0,0,0,0,0,0
2017-04-14 18:00:00,Clear,10.0,33.0,59.0,6.9,1,0,0,0,0,0,0,0,0,0,0
2017-04-14 19:00:00,Clear,10.0,40.0,55.0,8.1,1,0,0,0,0,0,0,0,0,0,0
2017-04-14 20:00:00,Clear,10.0,40.0,55.0,4.6,1,0,0,0,0,0,0,0,0,0,0
2017-04-14 21:00:00,Clear,10.0,36.0,55.9,5.8,1,0,0,0,0,0,0,0,0,0,0
2017-04-14 22:00:00,Clear,10.0,40.0,55.0,3.5,1,0,0,0,0,0,0,0,0,0,0
2017-04-14 23:00:00,Clear,10.0,45.0,54.0,3.5,1,0,0,0,0,0,0,0,0,0,0
2017-04-15 00:00:00,Clear,10.0,47.0,53.1,3.5,1,0,0,0,0,0,0,0,0,0,0
2017-04-15 01:00:00,Clear,10.0,47.0,53.1,3.5,1,0,0,0,0,0,0,0,0,0,0
2017-04-15 02:00:00,Clear,10.0,49.0,52.0,5.8,1,0,0,0,0,0,0,0,0,0,0
2017-04-15 03:00:00,Clear,10.0,50.0,51.1,5.8,1,0,0,0,0,0,0,0,0,0,0
2017-04-15 04:00:00,Clear,10.0,50.0,51.1,5.8,1,0,0,0,0,0,0,0,0,0,0
2017-04-15 05:00:00,Clear,10.0,49.0,52.0,6.9,1,0,0,0,0,0,0,0,0,0,0
2017-04-15 06:00:00,Clear,10.0,49.0,52.0,4.6,1,0,0,0,0,0,0,0,0,0,0
2017-04-15 07:00:00,Clear,10.0,49.0,52.0,9.2,1,0,0,0,0,0,0,0,0,0,0
2017-04-15 08:00:00,Clear,10.0,45.0,55.9,4.6,1,0,0,0,0,0,0,0,0,0,0
2017-04-15 09:00:00,Partly Cloudy,10.0,36.0,57.9,8.1,0,0,0,0,0,0,0,1,0,0,0
2017-04-15 10:00:00,Overcast,10.0,39.0,60.1,3.5,0,0,0,0,0,0,1,0,0,0,0
2017-04-15 11:00:00,Overcast,10.0,39.0,61.0,8.1,0,0,0,0,0,0,1,0,0,0,0
2017-04-15 12:00:00,Overcast,10.0,41.0,61.0,6.9,0,0,0,0,0,0,1,0,0,0,0
2017-04-15 13:00:00,Overcast,10.0,46.0,60.1,5.8,0,0,0,0,0,0,1,0,0,0,0
2017-04-15 14:00:00,Mostly Cloudy,10.0,45.0,63.0,3.5,0,0,0,0,0,1,0,0,0,0,0
2017-04-15 15:00:00,Mostly Cloudy,10.0,45.0,64.9,8.1,0,0,0,0,0,1,0,0,0,0,0
2017-04-15 16:00:00,Overcast,10.0,53.0,62.1,4.6,0,0,0,0,0,0,1,0,0,0,0
2017-04-15 17:00:00,Overcast,10.0,64.0,60.1,8.1,0,0,0,0,0,0,1,0,0,0,0
2017-04-15 18:00:00,Mostly Cloudy,10.0,69.0,60.1,3.5,0,0,0,0,0,1,0,0,0,0,0
2017-04-15 19:00:00,Overcast,10.0,69.0,60.1,4.6,0,0,0,0,0,0,1,0,0,0,0
2017-04-15 20:00:00,Partly Cloudy,10.0,72.0,61.0,6.9,0,0,0,0,0,0,0,1,0,0,0
2017-04-15 21:00:00,Clear,10.0,75.0,61.0,5.8,1,0,0,0,0,0,0,0,0,0,0
2017-04-15 22:00:00,Mostly Cloudy,10.0,75.0,62.1,6.9,0,0,0,0,0,1,0,0,0,0,0
2017-04-15 23:00:00,Mostly Cloudy,10.0,78.0,62.1,4.6,0,0,0,0,0,1,0,0,0,0,0
2017-04-16 00:00:00,Clear,10.0,83.0,61.0,6.9,1,0,0,0,0,0,0,0,0,0,0
2017-04-16 01:00:00,Clear,10.0,83.0,61.0,4.6,1,0,0,0,0,0,0,0,0,0,0
2017-04-16 02:00:00,Clear,10.0,83.0,61.0,3.5,1,0,0,0,0,0,0,0,0,0,0
2017-04-16 03:00:00,Clear,10.0,90.0,60.1,3.5,1,0,0,0,0,0,0,0,0,0,0
2017-04-16 04:00:00,Clear,9.0,87.0,61.0,6.9,1,0,0,0,0,0,0,0,0,0,0
2017-04-16 05:00:00,Partly Cloudy,10.0,84.0,62.1,6.9,0,0,0,0,0,0,0,1,0,0,0
2017-04-16 06:00:00,Clear,9.0,84.0,62.1,5.8,1,0,0,0,0,0,0,0,0,0,0
2017-04-16 07:00:00,Clear,10.0,78.0,64.0,4.6,1,0,0,0,0,0,0,0,0,0,0
2017-04-16 08:00:00,Clear,10.0,73.0,66.0,9.2,1,0,0,0,0,0,0,0,0,0,0
2017-04-16 09:00:00,Partly Cloudy,10.0,59.0,72.0,9.2,0,0,0,0,0,0,0,1,0,0,0
2017-04-16 10:00:00,Partly Cloudy,10.0,48.0,77.0,5.8,0,0,0,0,0,0,0,1,0,0,0
2017-04-16 11:00:00,Clear,10.0,39.0,80.1,8.1,1,0,0,0,0,0,0,0,0,0,0
2017-04-16 12:00:00,Clear,10.0,31.0,84.0,8.1,1,0,0,0,0,0,0,0,0,0,0
2017-04-16 13:00:00,Partly Cloudy,10.0,30.0,84.9,12.7,0,0,0,0,0,0,0,1,0,0,0
2017-04-16 14:00:00,Partly Cloudy,10.0,29.0,84.0,11.5,0,0,0,0,0,0,0,1,0,0,0
2017-04-16 15:00:00,Mostly Cloudy,10.0,33.0,82.9,9.2,0,0,0,0,0,1,0,0,0,0,0
2017-04-16 16:00:00,Light Rain,4.0,64.0,73.0,6.9,0,0,0,1,0,0,0,0,0,0,0
2017-04-16 17:00:00,Partly Cloudy,10.0,45.0,79.0,6.9,0,0,0,0,0,0,0,1,0,0,0
2017-04-16 18:00:00,Clear,10.0,38.0,81.0,6.9,1,0,0,0,0,0,0,0,0,0,0
2017-04-16 19:00:00,Clear,10.0,34.0,81.0,10.4,1,0,0,0,0,0,0,0,0,0,0
2017-04-16 20:00:00,Scattered Clouds,10.0,34.0,81.0,10.4,0,0,0,0,0,0,0,0,0,1,0
2017-04-16 21:00:00,Overcast,10.0,63.0,70.0,8.1,0,0,0,0,0,0,1,0,0,0,0
2017-04-16 22:00:00,Overcast,10.0,57.0,71.1,8.1,0,0,0,0,0,0,1,0,0,0,0
2017-04-16 23:00:00,Mostly Cloudy,10.0,57.0,71.1,9.2,0,0,0,0,0,1,0,0,0,0,0
2017-04-17 00:00:00,Clear,10.0,63.0,70.0,4.6,1,0,0,0,0,0,0,0,0,0,0
2017-04-17 01:00:00,Clear,10.0,68.0,68.0,3.5,1,0,0,0,0,0,0,0,0,0,0
2017-04-17 02:00:00,Clear,10.0,70.0,68.0,4.6,1,0,0,0,0,0,0,0,0,0,0
2017-04-17 03:00:00,Clear,10.0,75.0,66.0,6.9,1,0,0,0,0,0,0,0,0,0,0
2017-04-17 04:00:00,Clear,10.0,75.0,66.0,4.6,1,0,0,0,0,0,0,0,0,0,0
2017-04-17 05:00:00,Clear,10.0,75.0,66.0,6.9,1,0,0,0,0,0,0,0,0,0,0
2017-04-17 06:00:00,Clear,10.0,75.0,66.0,5.8,1,0,0,0,0,0,0,0,0,0,0
2017-04-17 07:00:00,Scattered Clouds,10.0,70.0,66.0,3.5,0,0,0,0,0,0,0,0,0,1,0
2017-04-17 08:00:00,Mostly Cloudy,10.0,59.0,66.9,5.8,0,0,0,0,0,1,0,0,0,0,0
2017-04-17 09:00:00,Mostly Cloudy,10.0,44.0,66.9,5.8,0,0,0,0,0,1,0,0,0,0,0
2017-04-17 10:00:00,Overcast,10.0,39.0,66.9,5.8,0,0,0,0,0,0,1,0,0,0,0
2017-04-17 11:00:00,Scattered Clouds,10.0,28.0,71.1,10.4,0,0,0,0,0,0,0,0,0,1,0
2017-04-17 12:00:00,Clear,10.0,30.0,70.0,9.2,1,0,0,0,0,0,0,0,0,0,0
2017-04-17 13:00:00,Clear,10.0,29.0,70.0,9.2,1,0,0,0,0,0,0,0,0,0,0
2017-04-17 14:00:00,Clear,10.0,24.0,72.0,8.1,1,0,0,0,0,0,0,0,0,0,0
2017-04-17 15:00:00,Clear,10.0,19.0,73.9,8.1,1,0,0,0,0,0,0,0,0,0,0
2017-04-17 16:00:00,Clear,10.0,19.0,71.1,9.2,1,0,0,0,0,0,0,0,0,0,0
2017-04-17 17:00:00,Clear,10.0,19.0,71.1,6.9,1,0,0,0,0,0,0,0,0,0,0
2017-04-17 18:00:00,Clear,10.0,22.0,69.1,8.1,1,0,0,0,0,0,0,0,0,0,0
2017-04-17 19:00:00,Clear,10.0,23.0,66.0,6.9,1,0,0,0,0,0,0,0,0,0,0
2017-04-17 20:00:00,Clear,10.0,25.0,64.0,5.8,1,0,0,0,0,0,0,0,0,0,0
2017-04-17 21:00:00,Clear,10.0,25.0,63.0,11.5,1,0,0,0,0,0,0,0,0,0,0
2017-04-17 22:00:00,Clear,10.0,24.0,62.1,11.5,1,0,0,0,0,0,0,0,0,0,0
2017-04-17 23:00:00,Clear,10.0,29.0,59.0,10.4,1,0,0,0,0,0,0,0,0,0,0
2017-04-18 00:00:00,Clear,10.0,31.0,57.9,5.8,1,0,0,0,0,0,0,0,0,0,0
2017-04-18 01:00:00,Clear,10.0,36.0,55.9,5.8,1,0,0,0,0,0,0,0,0,0,0
2017-04-18 02:00:00,Clear,10.0,37.0,55.0,10.4,1,0,0,0,0,0,0,0,0,0,0
2017-04-18 03:00:00,Clear,10.0,41.0,54.0,4.6,1,0,0,0,0,0,0,0,0,0,0
2017-04-18 04:00:00,Clear,10.0,43.0,53.1,4.6,1,0,0,0,0,0,0,0,0,0,0
2017-04-18 05:00:00,Clear,10.0,45.0,52.0,5.8,1,0,0,0,0,0,0,0,0,0,0
2017-04-18 06:00:00,Clear,10.0,52.0,51.1,6.9,1,0,0,0,0,0,0,0,0,0,0
2017-04-18 07:00:00,Clear,10.0,53.0,52.0,8.1,1,0,0,0,0,0,0,0,0,0,0
2017-04-18 08:00:00,Clear,10.0,49.0,54.0,8.1,1,0,0,0,0,0,0,0,0,0,0
2017-04-18 09:00:00,Clear,10.0,45.0,55.9,5.8,1,0,0,0,0,0,0,0,0,0,0
2017-04-18 10:00:00,Clear,10.0,39.0,57.9,6.9,1,0,0,0,0,0,0,0,0,0,0
2017-04-18 11:00:00,Clear,10.0,35.0,61.0,6.9,1,0,0,0,0,0,0,0,0,0,0
2017-04-18 12:00:00,Clear,10.0,31.0,62.1,3.5,1,0,0,0,0,0,0,0,0,0,0
2017-04-18 13:00:00,Clear,10.0,26.0,66.0,3.5,1,0,0,0,0,0,0,0,0,0,0
2017-04-18 14:00:00,Clear,10.0,38.0,62.1,8.1,1,0,0,0,0,0,0,0,0,0,0
2017-04-18 15:00:00,Clear,10.0,38.0,62.1,9.2,1,0,0,0,0,0,0,0,0,0,0
2017-04-18 16:00:00,Clear,10.0,46.0,57.9,13.8,1,0,0,0,0,0,0,0,0,0,0
2017-04-18 17:00:00,Clear,10.0,49.0,55.0,9.2,1,0,0,0,0,0,0,0,0,0,0
2017-04-18 18:00:00,Clear,10.0,55.0,53.1,10.4,1,0,0,0,0,0,0,0,0,0,0
2017-04-18 19:00:00,Clear,10.0,61.0,51.1,6.9,1,0,0,0,0,0,0,0,0,0,0
2017-04-18 20:00:00,Clear,10.0,66.0,50.0,4.6,1,0,0,0,0,0,0,0,0,0,0
2017-04-18 21:00:00,Clear,10.0,63.0,50.0,10.4,1,0,0,0,0,0,0,0,0,0,0
2017-04-18 22:00:00,Clear,10.0,69.0,48.9,10.4,1,0,0,0,0,0,0,0,0,0,0
2017-04-18 23:00:00,Mostly Cloudy,10.0,74.0,48.0,12.7,0,0,0,0,0,1,0,0,0,0,0
2017-04-19 00:00:00,Mostly Cloudy,10.0,74.0,46.9,6.9,0,0,0,0,0,1,0,0,0,0,0
2017-04-19 01:00:00,Scattered Clouds,10.0,74.0,46.9,3.5,0,0,0,0,0,0,0,0,0,1,0
2017-04-19 02:00:00,Scattered Clouds,10.0,73.0,46.0,3.5,0,0,0,0,0,0,0,0,0,1,0
2017-04-19 03:00:00,Mostly Cloudy,10.0,73.0,46.0,10.4,0,0,0,0,0,1,0,0,0,0,0
2017-04-19 04:00:00,Mostly Cloudy,10.0,68.0,46.0,4.6,0,0,0,0,0,1,0,0,0,0,0
2017-04-19 05:00:00,Mostly Cloudy,10.0,74.0,45.0,9.2,0,0,0,0,0,1,0,0,0,0,0
2017-04-19 06:00:00,Scattered Clouds,10.0,74.0,45.0,5.8,0,0,0,0,0,0,0,0,0,1,0
2017-04-19 07:00:00,Mostly Cloudy,10.0,68.0,46.0,9.2,0,0,0,0,0,1,0,0,0,0,0
2017-04-19 08:00:00,Scattered Clouds,10.0,66.0,46.9,3.5,0,0,0,0,0,0,0,0,0,1,0
2017-04-19 09:00:00,Overcast,10.0,66.0,48.0,8.1,0,0,0,0,0,0,1,0,0,0,0
2017-04-19 10:00:00,Overcast,10.0,64.0,48.9,8.1,0,0,0,0,0,0,1,0,0,0,0
2017-04-19 11:00:00,Overcast,10.0,61.0,50.0,9.2,0,0,0,0,0,0,1,0,0,0,0
2017-04-19 12:00:00,Mostly Cloudy,10.0,61.0,51.1,11.5,0,0,0,0,0,1,0,0,0,0,0
2017-04-19 13:00:00,Mostly Cloudy,10.0,66.0,50.0,11.5,0,0,0,0,0,1,0,0,0,0,0
2017-04-19 14:00:00,Mostly Cloudy,10.0,61.0,52.0,9.2,0,0,0,0,0,1,0,0,0,0,0
2017-04-19 15:00:00,Overcast,10.0,69.0,48.9,5.8,0,0,0,0,0,0,1,0,0,0,0
2017-04-19 16:00:00,Overcast,10.0,74.0,48.0,9.2,0,0,0,0,0,0,1,0,0,0,0
2017-04-19 17:00:00,Overcast,10.0,74.0,48.9,6.9,0,0,0,0,0,0,1,0,0,0,0
2017-04-19 18:00:00,Overcast,10.0,74.0,48.9,8.1,0,0,0,0,0,0,1,0,0,0,0
2017-04-19 19:00:00,Overcast,10.0,77.0,48.0,3.5,0,0,0,0,0,0,1,0,0,0,0
2017-04-19 20:00:00,Overcast,10.0,83.0,48.0,4.6,0,0,0,0,0,0,1,0,0,0,0
2017-04-19 21:00:00,Overcast,10.0,83.0,48.9,4.6,0,0,0,0,0,0,1,0,0,0,0
2017-04-19 22:00:00,Overcast,10.0,77.0,50.0,4.6,0,0,0,0,0,0,1,0,0,0,0
2017-04-19 23:00:00,Overcast,10.0,80.0,50.0,4.6,0,0,0,0,0,0,1,0,0,0,0
2017-04-20 00:00:00,Overcast,10.0,77.0,51.1,4.6,0,0,0,0,0,0,1,0,0,0,0
2017-04-20 01:00:00,Overcast,10.0,77.0,52.0,4.6,0,0,0,0,0,0,1,0,0,0,0
2017-04-20 02:00:00,Overcast,10.0,77.0,52.0,4.6,0,0,0,0,0,0,1,0,0,0,0
2017-04-20 03:00:00,Overcast,10.0,80.0,52.0,4.6,0,0,0,0,0,0,1,0,0,0,0
2017-04-20 04:00:00,Overcast,8.0,96.0,50.0,4.6,0,0,0,0,0,0,1,0,0,0,0
2017-04-20 05:00:00,Overcast,9.0,86.0,50.0,4.6,0,0,0,0,0,0,1,0,0,0,0
2017-04-20 06:00:00,Light Rain,3.0,93.0,50.0,4.6,0,0,0,1,0,0,0,0,0,0,0
2017-04-20 07:00:00,Rain,3.0,96.0,50.0,4.6,0,0,0,0,0,0,0,0,1,0,0
2017-04-20 08:00:00,Light Rain,2.0,96.0,50.0,4.6,0,0,0,1,0,0,0,0,0,0,0
2017-04-20 09:00:00,Overcast,2.5,97.0,52.0,3.5,0,0,0,0,0,0,1,0,0,0,0
2017-04-20 10:00:00,Overcast,3.0,90.0,54.0,3.5,0,0,0,0,0,0,1,0,0,0,0
2017-04-20 11:00:00,Unknown,3.0,,,3.5,0,0,0,0,0,0,0,0,0,0,1
2017-04-20 12:00:00,Haze,6.0,78.0,57.9,6.9,0,1,0,0,0,0,0,0,0,0,0
2017-04-20 13:00:00,Scattered Clouds,9.0,65.0,63.0,4.6,0,0,0,0,0,0,0,0,0,1,0
2017-04-20 14:00:00,Partly Cloudy,9.0,58.0,64.9,6.9,0,0,0,0,0,0,0,1,0,0,0
2017-04-20 15:00:00,Mostly Cloudy,10.0,58.0,64.9,4.6,0,0,0,0,0,1,0,0,0,0,0
2017-04-20 16:00:00,Overcast,10.0,58.0,64.9,6.9,0,0,0,0,0,0,1,0,0,0,0
2017-04-20 17:00:00,Mostly Cloudy,10.0,60.0,64.0,5.8,0,0,0,0,0,1,0,0,0,0,0
2017-04-20 18:00:00,Overcast,7.0,70.0,61.0,8.1,0,0,0,0,0,0,1,0,0,0,0
2017-04-20 19:00:00,Mostly Cloudy,8.0,75.0,57.9,6.9,0,0,0,0,0,1,0,0,0,0,0
2017-04-20 20:00:00,Overcast,9.0,77.0,55.9,6.9,0,0,0,0,0,0,1,0,0,0,0
2017-04-20 21:00:00,Overcast,10.0,80.0,55.0,10.4,0,0,0,0,0,0,1,0,0,0,0
2017-04-20 22:00:00,Overcast,10.0,74.0,55.0,8.1,0,0,0,0,0,0,1,0,0,0,0
2017-04-20 23:00:00,Overcast,10.0,77.0,55.0,9.2,0,0,0,0,0,0,1,0,0,0,0
2017-04-21 00:00:00,Overcast,10.0,80.0,54.0,8.1,0,0,0,0,0,0,1,0,0,0,0
2017-04-21 01:00:00,Rain,2.0,93.0,52.0,4.6,0,0,0,0,0,0,0,0,1,0,0
2017-04-21 02:00:00,Overcast,6.0,96.0,51.1,8.1,0,0,0,0,0,0,1,0,0,0,0
2017-04-21 03:00:00,Overcast,9.0,89.0,50.0,4.6,0,0,0,0,0,0,1,0,0,0,0
2017-04-21 04:00:00,Overcast,10.0,93.0,48.9,3.5,0,0,0,0,0,0,1,0,0,0,0
2017-04-21 05:00:00,Overcast,10.0,93.0,50.0,5.8,0,0,0,0,0,0,1,0,0,0,0
2017-04-21 06:00:00,Light Rain,2.0,94.0,50.0,5.8,0,0,0,1,0,0,0,0,0,0,0
2017-04-21 07:00:00,Light Rain,3.0,97.0,48.9,6.9,0,0,0,1,0,0,0,0,0,0,0
2017-04-21 08:00:00,Overcast,9.0,97.0,48.9,8.1,0,0,0,0,0,0,1,0,0,0,0
2017-04-21 09:00:00,Overcast,10.0,93.0,50.0,5.8,0,0,0,0,0,0,1,0,0,0,0
2017-04-21 10:00:00,Overcast,8.0,93.0,50.0,6.9,0,0,0,0,0,0,1,0,0,0,0
2017-04-21 11:00:00,Overcast,9.0,89.0,50.0,10.4,0,0,0,0,0,0,1,0,0,0,0
2017-04-21 12:00:00,Overcast,10.0,89.0,52.0,10.4,0,0,0,0,0,0,1,0,0,0,0
2017-04-21 13:00:00,Overcast,8.0,89.0,51.1,5.8,0,0,0,0,0,0,1,0,0,0,0
2017-04-21 14:00:00,Overcast,9.0,86.0,52.0,8.1,0,0,0,0,0,0,1,0,0,0,0
2017-04-21 15:00:00,Overcast,8.0,83.0,53.1,8.1,0,0,0,0,0,0,1,0,0,0,0
2017-04-21 16:00:00,Overcast,7.0,89.0,51.1,10.4,0,0,0,0,0,0,1,0,0,0,0
2017-04-21 17:00:00,Overcast,7.0,89.0,51.1,6.9,0,0,0,0,0,0,1,0,0,0,0
2017-04-21 18:00:00,Overcast,6.0,93.0,50.0,9.2,0,0,0,0,0,0,1,0,0,0,0
2017-04-21 19:00:00,Overcast,7.0,97.0,48.9,8.1,0,0,0,0,0,0,1,0,0,0,0
2017-04-21 20:00:00,Overcast,9.0,97.0,48.9,9.2,0,0,0,0,0,0,1,0,0,0,0
2017-04-21 21:00:00,Overcast,4.0,96.0,48.0,6.9,0,0,0,0,0,0,1,0,0,0,0
2017-04-21 22:00:00,Overcast,5.0,96.0,48.0,6.9,0,0,0,0,0,0,1,0,0,0,0
2017-04-21 23:00:00,Overcast,5.0,96.0,48.0,9.2,0,0,0,0,0,0,1,0,0,0,0
2017-04-22 00:00:00,Overcast,6.0,97.0,48.9,3.5,0,0,0,0,0,0,1,0,0,0,0
2017-04-22 01:00:00,Overcast,9.0,93.0,48.9,3.5,0,0,0,0,0,0,1,0,0,0,0
2017-04-22 02:00:00,Overcast,7.0,93.0,50.0,3.5,0,0,0,0,0,0,1,0,0,0,0
2017-04-22 03:00:00,Overcast,6.0,93.0,50.0,4.6,0,0,0,0,0,0,1,0,0,0,0
2017-04-22 04:00:00,Mostly Cloudy,6.0,93.0,50.0,4.6,0,0,0,0,0,1,0,0,0,0,0
2017-04-22 05:00:00,Overcast,10.0,89.0,51.1,6.9,0,0,0,0,0,0,1,0,0,0,0
2017-04-22 06:00:00,Overcast,10.0,86.0,52.0,4.6,0,0,0,0,0,0,1,0,0,0,0
2017-04-22 07:00:00,Overcast,10.0,83.0,52.0,9.2,0,0,0,0,0,0,1,0,0,0,0
2017-04-22 08:00:00,Overcast,10.0,83.0,53.1,4.6,0,0,0,0,0,0,1,0,0,0,0
2017-04-22 09:00:00,Overcast,10.0,75.0,54.0,4.6,0,0,0,0,0,0,1,0,0,0,0
2017-04-22 10:00:00,Overcast,10.0,77.0,55.0,8.1,0,0,0,0,0,0,1,0,0,0,0
2017-04-22 11:00:00,Overcast,10.0,72.0,55.9,5.8,0,0,0,0,0,0,1,0,0,0,0
2017-04-22 12:00:00,Light Rain,6.0,88.0,53.6,5.8,0,0,0,1,0,0,0,0,0,0,0
2017-04-22 13:00:00,Overcast,10.0,80.0,55.0,3.5,0,0,0,0,0,0,1,0,0,0,0
2017-04-22 14:00:00,Light Rain,8.0,86.0,54.0,3.5,0,0,0,1,0,0,0,0,0,0,0
2017-04-22 15:00:00,Light Rain,5.0,94.0,53.6,4.6,0,0,0,1,0,0,0,0,0,0,0
2017-04-22 16:00:00,Rain,2.0,93.0,53.1,4.6,0,0,0,0,0,0,0,0,1,0,0
2017-04-22 17:00:00,Light Rain,7.0,94.0,53.6,5.8,0,0,0,1,0,0,0,0,0,0,0
2017-04-22 18:00:00,Overcast,10.0,86.0,53.1,3.5,0,0,0,0,0,0,1,0,0,0,0
2017-04-22 19:00:00,Overcast,10.0,86.0,53.1,3.5,0,0,0,0,0,0,1,0,0,0,0
2017-04-22 20:00:00,Overcast,10.0,77.0,53.1,5.8,0,0,0,0,0,0,1,0,0,0,0
2017-04-22 21:00:00,Overcast,10.0,63.0,52.0,5.8,0,0,0,0,0,0,1,0,0,0,0
2017-04-22 22:00:00,Overcast,10.0,63.0,52.0,4.6,0,0,0,0,0,0,1,0,0,0,0
2017-04-22 23:00:00,Overcast,10.0,61.0,52.0,3.5,0,0,0,0,0,0,1,0,0,0,0
2017-04-23 00:00:00,Clear,10.0,66.0,50.0,4.6,1,0,0,0,0,0,0,0,0,0,0
2017-04-23 01:00:00,Clear,10.0,68.0,48.0,3.5,1,0,0,0,0,0,0,0,0,0,0
2017-04-23 02:00:00,Clear,10.0,66.0,48.0,4.6,1,0,0,0,0,0,0,0,0,0,0
2017-04-23 03:00:00,Clear,10.0,68.0,46.9,4.6,1,0,0,0,0,0,0,0,0,0,0
2017-04-23 04:00:00,Clear,10.0,66.0,46.9,8.1,1,0,0,0,0,0,0,0,0,0,0
2017-04-23 05:00:00,Clear,10.0,66.0,46.0,5.8,1,0,0,0,0,0,0,0,0,0,0
2017-04-23 06:00:00,Clear,10.0,66.0,46.9,5.8,1,0,0,0,0,0,0,0,0,0,0
2017-04-23 07:00:00,Clear,10.0,61.0,48.9,5.8,1,0,0,0,0,0,0,0,0,0,0
2017-04-23 08:00:00,Clear,10.0,56.0,51.1,6.9,1,0,0,0,0,0,0,0,0,0,0
2017-04-23 09:00:00,Clear,10.0,51.0,54.0,5.8,1,0,0,0,0,0,0,0,0,0,0
2017-04-23 10:00:00,Clear,10.0,47.0,55.0,6.9,1,0,0,0,0,0,0,0,0,0,0
2017-04-23 11:00:00,Clear,10.0,42.0,57.9,3.5,1,0,0,0,0,0,0,0,0,0,0
2017-04-23 12:00:00,Clear,10.0,38.0,61.0,3.5,1,0,0,0,0,0,0,0,0,0,0
2017-04-23 13:00:00,Clear,10.0,31.0,64.9,3.5,1,0,0,0,0,0,0,0,0,0,0
2017-04-23 14:00:00,Clear,10.0,33.0,64.0,3.5,1,0,0,0,0,0,0,0,0,0,0
2017-04-23 15:00:00,Clear,10.0,37.0,63.0,5.8,1,0,0,0,0,0,0,0,0,0,0
2017-04-23 16:00:00,Clear,10.0,38.0,62.1,9.2,1,0,0,0,0,0,0,0,0,0,0
2017-04-23 17:00:00,Clear,10.0,51.0,57.9,8.1,1,0,0,0,0,0,0,0,0,0,0
2017-04-23 18:00:00,Clear,10.0,57.0,55.0,4.6,1,0,0,0,0,0,0,0,0,0,0
2017-04-23 19:00:00,Clear,10.0,64.0,53.1,6.9,1,0,0,0,0,0,0,0,0,0,0
2017-04-23 20:00:00,Clear,10.0,68.0,51.1,5.8,1,0,0,0,0,0,0,0,0,0,0
2017-04-23 21:00:00,Clear,10.0,66.0,52.0,5.8,1,0,0,0,0,0,0,0,0,0,0
2017-04-23 22:00:00,Clear,10.0,66.0,52.0,4.6,1,0,0,0,0,0,0,0,0,0,0
2017-04-23 23:00:00,Clear,10.0,61.0,52.0,4.6,1,0,0,0,0,0,0,0,0,0,0
2017-04-24 00:00:00,Clear,10.0,66.0,51.1,4.6,1,0,0,0,0,0,0,0,0,0,0
2017-04-24 01:00:00,Clear,10.0,61.0,51.1,4.6,1,0,0,0,0,0,0,0,0,0,0
2017-04-24 02:00:00,Clear,10.0,63.0,50.0,3.5,1,0,0,0,0,0,0,0,0,0,0
2017-04-24 03:00:00,Clear,10.0,74.0,48.9,3.5,1,0,0,0,0,0,0,0,0,0,0
2017-04-24 04:00:00,Clear,10.0,71.0,50.0,3.5,1,0,0,0,0,0,0,0,0,0,0
2017-04-24 05:00:00,Clear,10.0,83.0,48.0,3.5,1,0,0,0,0,0,0,0,0,0,0
2017-04-24 06:00:00,Clear,10.0,83.0,50.0,3.5,1,0,0,0,0,0,0,0,0,0,0
2017-04-24 07:00:00,Clear,9.0,74.0,52.0,3.5,1,0,0,0,0,0,0,0,0,0,0
2017-04-24 08:00:00,Clear,9.0,71.0,53.1,5.8,1,0,0,0,0,0,0,0,0,0,0
2017-04-24 09:00:00,Clear,10.0,62.0,55.9,5.8,1,0,0,0,0,0,0,0,0,0,0
2017-04-24 10:00:00,Clear,9.0,57.0,57.0,3.5,1,0,0,0,0,0,0,0,0,0,0
2017-04-24 11:00:00,Clear,10.0,53.0,59.0,3.5,1,0,0,0,0,0,0,0,0,0,0
2017-04-24 12:00:00,Scattered Clouds,9.0,58.0,57.9,6.9,0,0,0,0,0,0,0,0,0,1,0
2017-04-24 13:00:00,Overcast,10.0,51.0,60.1,3.5,0,0,0,0,0,0,1,0,0,0,0
2017-04-24 14:00:00,Overcast,10.0,51.0,60.1,4.6,0,0,0,0,0,0,1,0,0,0,0
2017-04-24 15:00:00,Overcast,10.0,60.0,57.9,4.6,0,0,0,0,0,0,1,0,0,0,0
2017-04-24 16:00:00,Overcast,10.0,60.0,59.0,3.5,0,0,0,0,0,0,1,0,0,0,0
2017-04-24 17:00:00,Mostly Cloudy,10.0,53.0,59.0,5.8,0,0,0,0,0,1,0,0,0,0,0
2017-04-24 18:00:00,Overcast,10.0,59.0,57.0,3.5,0,0,0,0,0,0,1,0,0,0,0
2017-04-24 19:00:00,Overcast,10.0,62.0,55.9,6.9,0,0,0,0,0,0,1,0,0,0,0
2017-04-24 20:00:00,Overcast,10.0,62.0,55.0,3.5,0,0,0,0,0,0,1,0,0,0,0
2017-04-24 21:00:00,Overcast,10.0,64.0,54.0,3.5,0,0,0,0,0,0,1,0,0,0,0
2017-04-24 22:00:00,Overcast,10.0,69.0,53.1,9.2,0,0,0,0,0,0,1,0,0,0,0
2017-04-24 23:00:00,Overcast,10.0,77.0,51.1,6.9,0,0,0,0,0,0,1,0,0,0,0
2017-04-25 00:00:00,Overcast,10.0,80.0,51.1,5.8,0,0,0,0,0,0,1,0,0,0,0
2017-04-25 01:00:00,Overcast,10.0,86.0,50.0,9.2,0,0,0,0,0,0,1,0,0,0,0
2017-04-25 02:00:00,Overcast,10.0,86.0,50.0,10.4,0,0,0,0,0,0,1,0,0,0,0
2017-04-25 03:00:00,Light Rain,7.0,93.0,48.9,11.5,0,0,0,1,0,0,0,0,0,0,0
2017-04-25 04:00:00,Overcast,10.0,93.0,50.0,10.4,0,0,0,0,0,0,1,0,0,0,0
2017-04-25 05:00:00,Overcast,10.0,93.0,50.0,11.5,0,0,0,0,0,0,1,0,0,0,0
2017-04-25 06:00:00,Overcast,10.0,93.0,50.0,11.5,0,0,0,0,0,0,1,0,0,0,0
2017-04-25 07:00:00,Overcast,10.0,93.0,50.0,13.8,0,0,0,0,0,0,1,0,0,0,0
2017-04-25 08:00:00,Overcast,5.0,92.0,51.1,16.1,0,0,0,0,0,0,1,0,0,0,0
2017-04-25 09:00:00,Overcast,7.0,92.0,51.1,17.3,0,0,0,0,0,0,1,0,0,0,0
2017-04-25 10:00:00,Overcast,7.0,96.0,51.1,10.4,0,0,0,0,0,0,1,0,0,0,0
2017-04-25 11:00:00,Overcast,10.0,93.0,53.1,18.4,0,0,0,0,0,0,1,0,0,0,0
2017-04-25 12:00:00,Overcast,10.0,90.0,54.0,11.5,0,0,0,0,0,0,1,0,0,0,0
2017-04-25 13:00:00,Overcast,10.0,90.0,54.0,11.5,0,0,0,0,0,0,1,0,0,0,0
2017-04-25 14:00:00,Overcast,7.0,96.0,53.1,19.6,0,0,0,0,0,0,1,0,0,0,0
2017-04-25 15:00:00,Light Rain,6.0,96.0,53.1,13.8,0,0,0,1,0,0,0,0,0,0,0
2017-04-25 16:00:00,Light Rain,3.0,96.0,53.1,8.1,0,0,0,1,0,0,0,0,0,0,0
2017-04-25 17:00:00,Rain,1.8,96.0,53.1,16.1,0,0,0,0,0,0,0,0,1,0,0
2017-04-25 18:00:00,Light Rain,2.0,97.0,52.0,19.6,0,0,0,1,0,0,0,0,0,0,0
2017-04-25 19:00:00,Light Rain,2.0,97.0,52.0,17.3,0,0,0,1,0,0,0,0,0,0,0
2017-04-25 20:00:00,Light Rain,2.0,96.0,51.1,10.4,0,0,0,1,0,0,0,0,0,0,0
2017-04-25 21:00:00,Light Rain,3.0,100.0,51.1,11.5,0,0,0,1,0,0,0,0,0,0,0
2017-04-25 22:00:00,Light Rain,5.0,100.0,51.1,10.4,0,0,0,1,0,0,0,0,0,0,0
2017-04-25 23:00:00,Light Rain,8.0,97.0,52.0,10.4,0,0,0,1,0,0,0,0,0,0,0
2017-04-26 00:00:00,Overcast,5.0,96.0,53.1,9.2,0,0,0,0,0,0,1,0,0,0,0
2017-04-26 01:00:00,Overcast,7.0,97.0,54.0,8.1,0,0,0,0,0,0,1,0,0,0,0
2017-04-26 02:00:00,Overcast,4.0,100.0,54.0,9.2,0,0,0,0,0,0,1,0,0,0,0
2017-04-26 03:00:00,Overcast,4.0,100.0,54.0,10.4,0,0,0,0,0,0,1,0,0,0,0
2017-04-26 04:00:00,Light Rain,4.0,100.0,54.0,12.7,0,0,0,1,0,0,0,0,0,0,0
2017-04-26 05:00:00,Rain,2.5,100.0,54.0,5.8,0,0,0,0,0,0,0,0,1,0,0
2017-04-26 06:00:00,Light Rain,2.5,97.0,54.0,6.9,0,0,0,1,0,0,0,0,0,0,0
2017-04-26 07:00:00,Light Rain,1.8,97.0,54.0,6.9,0,0,0,1,0,0,0,0,0,0,0
2017-04-26 08:00:00,Overcast,6.0,97.0,54.0,5.8,0,0,0,0,0,0,1,0,0,0,0
2017-04-26 09:00:00,Light Rain,1.8,96.0,55.0,6.9,0,0,0,1,0,0,0,0,0,0,0
2017-04-26 10:00:00,Overcast,9.0,97.0,55.9,8.1,0,0,0,0,0,0,1,0,0,0,0
2017-04-26 11:00:00,Heavy Rain,1.8,93.0,57.0,9.2,0,0,1,0,0,0,0,0,0,0,0
2017-04-26 12:00:00,Overcast,10.0,93.0,57.9,9.2,0,0,0,0,0,0,1,0,0,0,0
2017-04-26 13:00:00,Overcast,10.0,90.0,59.0,10.4,0,0,0,0,0,0,1,0,0,0,0
2017-04-26 14:00:00,Overcast,6.0,90.0,59.0,3.5,0,0,0,0,0,0,1,0,0,0,0
2017-04-26 15:00:00,Overcast,2.0,93.0,59.0,6.9,0,0,0,0,0,0,1,0,0,0,0
2017-04-26 16:00:00,Overcast,2.0,93.0,59.0,5.8,0,0,0,0,0,0,1,0,0,0,0
2017-04-26 17:00:00,Overcast,5.0,93.0,59.0,4.6,0,0,0,0,0,0,1,0,0,0,0
2017-04-26 18:00:00,Overcast,5.0,93.0,59.0,4.6,0,0,0,0,0,0,1,0,0,0,0
2017-04-26 19:00:00,Overcast,4.0,93.0,59.0,4.6,0,0,0,0,0,0,1,0,0,0,0
2017-04-26 20:00:00,Overcast,5.0,96.0,59.0,3.5,0,0,0,0,0,0,1,0,0,0,0
2017-04-26 21:00:00,Overcast,5.0,96.0,59.0,3.5,0,0,0,0,0,0,1,0,0,0,0
2017-04-26 22:00:00,Overcast,6.0,96.0,59.0,3.5,0,0,0,0,0,0,1,0,0,0,0
2017-04-26 23:00:00,Overcast,2.0,96.0,59.0,3.5,0,0,0,0,0,0,1,0,0,0,0
2017-04-27 00:00:00,Overcast,1.0,96.0,59.0,3.5,0,0,0,0,0,0,1,0,0,0,0
2017-04-27 01:00:00,Overcast,0.8,100.0,57.9,3.5,0,0,0,0,0,0,1,0,0,0,0
2017-04-27 02:00:00,Overcast,2.5,96.0,59.0,3.5,0,0,0,0,0,0,1,0,0,0,0
2017-04-27 03:00:00,Overcast,1.8,90.0,61.0,3.5,0,0,0,0,0,0,1,0,0,0,0
2017-04-27 04:00:00,Overcast,1.5,96.0,59.0,3.5,0,0,0,0,0,0,1,0,0,0,0
2017-04-27 05:00:00,Overcast,1.5,96.0,59.0,3.5,0,0,0,0,0,0,1,0,0,0,0
2017-04-27 06:00:00,Overcast,2.0,96.0,59.0,3.5,0,0,0,0,0,0,1,0,0,0,0
2017-04-27 07:00:00,Overcast,1.2,96.0,59.0,3.5,0,0,0,0,0,0,1,0,0,0,0
2017-04-27 08:00:00,Overcast,2.0,96.0,60.1,3.5,0,0,0,0,0,0,1,0,0,0,0
2017-04-27 09:00:00,Overcast,2.0,96.0,60.1,3.5,0,0,0,0,0,0,1,0,0,0,0
2017-04-27 10:00:00,Overcast,3.0,90.0,61.0,3.5,0,0,0,0,0,0,1,0,0,0,0
2017-04-27 11:00:00,Overcast,7.0,73.0,66.9,4.6,0,0,0,0,0,0,1,0,0,0,0
2017-04-27 12:00:00,Haze,6.0,70.0,68.0,4.6,0,1,0,0,0,0,0,0,0,0,0
2017-04-27 13:00:00,Haze,6.0,70.0,66.9,5.8,0,1,0,0,0,0,0,0,0,0,0
2017-04-27 14:00:00,Overcast,7.0,68.0,68.0,9.2,0,0,0,0,0,0,1,0,0,0,0
2017-04-27 15:00:00,Clear,8.0,73.0,66.9,3.5,1,0,0,0,0,0,0,0,0,0,0
2017-04-27 16:00:00,Mostly Cloudy,7.0,77.0,64.4,9.2,0,0,0,0,0,1,0,0,0,0,0
2017-04-27 17:00:00,Overcast,8.0,87.0,61.0,10.4,0,0,0,0,0,0,1,0,0,0,0
2017-04-27 18:00:00,Overcast,8.0,84.0,62.1,10.4,0,0,0,0,0,0,1,0,0,0,0
2017-04-27 19:00:00,Overcast,2.5,90.0,61.0,4.6,0,0,0,0,0,0,1,0,0,0,0
2017-04-27 20:00:00,Overcast,3.0,96.0,60.1,4.6,0,0,0,0,0,0,1,0,0,0,0
2017-04-27 21:00:00,Overcast,2.5,97.0,57.9,4.6,0,0,0,0,0,0,1,0,0,0,0
2017-04-27 22:00:00,Overcast,4.0,96.0,57.0,3.5,0,0,0,0,0,0,1,0,0,0,0
2017-04-27 23:00:00,Overcast,4.0,96.0,57.0,3.5,0,0,0,0,0,0,1,0,0,0,0
2017-04-28 00:00:00,Overcast,3.0,96.0,57.0,3.5,0,0,0,0,0,0,1,0,0,0,0
2017-04-28 01:00:00,Overcast,2.5,97.0,57.9,3.5,0,0,0,0,0,0,1,0,0,0,0
2017-04-28 02:00:00,Overcast,2.5,97.0,57.9,3.5,0,0,0,0,0,0,1,0,0,0,0
2017-04-28 03:00:00,Light Rain,1.8,100.0,57.2,3.5,0,0,0,1,0,0,0,0,0,0,0
2017-04-28 04:00:00,Overcast,1.0,97.0,57.9,3.5,0,0,0,0,0,0,1,0,0,0,0
2017-04-28 05:00:00,Overcast,1.0,97.0,57.9,3.5,0,0,0,0,0,0,1,0,0,0,0
2017-04-28 06:00:00,Mostly Cloudy,2.0,100.0,57.9,3.5,0,0,0,0,0,1,0,0,0,0,0
2017-04-28 07:00:00,Mostly Cloudy,1.5,96.0,59.0,5.8,0,0,0,0,0,1,0,0,0,0,0
2017-04-28 08:00:00,Overcast,3.0,90.0,63.0,3.5,0,0,0,0,0,0,1,0,0,0,0
2017-04-28 09:00:00,Haze,3.0,81.0,66.0,3.5,0,1,0,0,0,0,0,0,0,0,0
2017-04-28 10:00:00,Haze,5.0,73.0,70.0,4.6,0,1,0,0,0,0,0,0,0,0,0
2017-04-28 11:00:00,Haze,5.0,60.0,75.0,4.6,0,1,0,0,0,0,0,0,0,0,0
2017-04-28 12:00:00,Clear,7.0,47.0,79.0,5.8,1,0,0,0,0,0,0,0,0,0,0
2017-04-28 13:00:00,Clear,8.0,41.0,82.0,5.8,1,0,0,0,0,0,0,0,0,0,0
2017-04-28 14:00:00,Clear,9.0,31.0,82.9,5.8,1,0,0,0,0,0,0,0,0,0,0
2017-04-28 15:00:00,Clear,10.0,25.0,82.9,4.6,1,0,0,0,0,0,0,0,0,0,0
2017-04-28 16:00:00,Clear,9.0,41.0,81.0,5.8,1,0,0,0,0,0,0,0,0,0,0
2017-04-28 17:00:00,Clear,9.0,42.0,80.1,5.8,1,0,0,0,0,0,0,0,0,0,0
2017-04-28 18:00:00,Clear,10.0,43.0,78.1,3.5,1,0,0,0,0,0,0,0,0,0,0
2017-04-28 19:00:00,Clear,10.0,33.0,77.0,4.6,1,0,0,0,0,0,0,0,0,0,0
2017-04-28 20:00:00,Clear,10.0,28.0,77.0,3.5,1,0,0,0,0,0,0,0,0,0,0
2017-04-28 21:00:00,Clear,10.0,29.0,75.9,4.6,1,0,0,0,0,0,0,0,0,0,0
2017-04-28 22:00:00,Clear,10.0,29.0,75.0,4.6,1,0,0,0,0,0,0,0,0,0,0
2017-04-28 23:00:00,Clear,10.0,34.0,75.0,4.6,1,0,0,0,0,0,0,0,0,0,0
2017-04-29 00:00:00,Clear,10.0,49.0,73.0,4.6,1,0,0,0,0,0,0,0,0,0,0
2017-04-29 01:00:00,Clear,10.0,57.0,72.0,5.8,1,0,0,0,0,0,0,0,0,0,0
2017-04-29 02:00:00,Partly Cloudy,10.0,65.0,70.0,3.5,0,0,0,0,0,0,0,1,0,0,0
2017-04-29 03:00:00,Scattered Clouds,10.0,65.0,70.0,3.5,0,0,0,0,0,0,0,0,0,1,0
2017-04-29 04:00:00,Light Rain,7.0,79.0,66.9,3.5,0,0,0,1,0,0,0,0,0,0,0
2017-04-29 05:00:00,Light Rain,2.0,96.0,64.0,3.5,0,0,0,1,0,0,0,0,0,0,0
2017-04-29 06:00:00,Clear,8.0,96.0,64.0,3.5,1,0,0,0,0,0,0,0,0,0,0
2017-04-29 07:00:00,Clear,7.0,93.0,66.9,3.5,1,0,0,0,0,0,0,0,0,0,0
2017-04-29 08:00:00,Clear,8.0,87.0,69.1,3.5,1,0,0,0,0,0,0,0,0,0,0
2017-04-29 09:00:00,Clear,8.0,78.0,72.0,3.5,1,0,0,0,0,0,0,0,0,0,0
2017-04-29 10:00:00,Clear,9.0,66.0,77.0,4.6,1,0,0,0,0,0,0,0,0,0,0
2017-04-29 11:00:00,Clear,10.0,54.0,79.0,6.9,1,0,0,0,0,0,0,0,0,0,0
2017-04-29 12:00:00,Clear,10.0,49.0,82.9,6.9,1,0,0,0,0,0,0,0,0,0,0
2017-04-29 13:00:00,Clear,10.0,49.0,82.0,6.9,1,0,0,0,0,0,0,0,0,0,0
2017-04-29 14:00:00,Partly Cloudy,10.0,44.0,84.0,6.9,0,0,0,0,0,0,0,1,0,0,0
2017-04-29 15:00:00,Clear,10.0,43.0,84.0,11.5,1,0,0,0,0,0,0,0,0,0,0
2017-04-29 16:00:00,Clear,10.0,44.0,82.0,9.2,1,0,0,0,0,0,0,0,0,0,0
2017-04-29 17:00:00,Clear,10.0,42.0,82.0,12.7,1,0,0,0,0,0,0,0,0,0,0
2017-04-29 18:00:00,Clear,10.0,45.0,80.1,3.5,1,0,0,0,0,0,0,0,0,0,0
2017-04-29 19:00:00,Clear,10.0,47.0,79.0,9.2,1,0,0,0,0,0,0,0,0,0,0
2017-04-29 20:00:00,Clear,10.0,50.0,77.0,4.6,1,0,0,0,0,0,0,0,0,0,0
2017-04-29 21:00:00,Overcast,10.0,53.0,75.0,4.6,0,0,0,0,0,0,1,0,0,0,0
2017-04-29 22:00:00,Overcast,10.0,57.0,72.0,3.5,0,0,0,0,0,0,1,0,0,0,0
2017-04-29 23:00:00,Overcast,10.0,58.0,69.1,5.8,0,0,0,0,0,0,1,0,0,0,0
2017-04-30 00:00:00,Overcast,10.0,56.0,68.0,4.6,0,0,0,0,0,0,1,0,0,0,0
2017-04-30 01:00:00,Overcast,10.0,52.0,66.0,3.5,0,0,0,0,0,0,1,0,0,0,0
2017-04-30 02:00:00,Overcast,10.0,47.0,64.9,4.6,0,0,0,0,0,0,1,0,0,0,0
2017-04-30 03:00:00,Clear,10.0,46.0,64.0,3.5,1,0,0,0,0,0,0,0,0,0,0
2017-04-30 04:00:00,Scattered Clouds,10.0,52.0,63.0,8.1,0,0,0,0,0,0,0,0,0,1,0
2017-04-30 05:00:00,Scattered Clouds,10.0,54.0,61.0,4.6,0,0,0,0,0,0,0,0,0,1,0
2017-04-30 06:00:00,Overcast,10.0,44.0,59.0,10.4,0,0,0,0,0,0,1,0,0,0,0
2017-04-30 07:00:00,Overcast,10.0,46.0,59.0,6.9,0,0,0,0,0,0,1,0,0,0,0
2017-04-30 08:00:00,Mostly Cloudy,10.0,44.0,60.1,6.9,0,0,0,0,0,1,0,0,0,0,0
2017-04-30 09:00:00,Mostly Cloudy,10.0,46.0,59.0,8.1,0,0,0,0,0,1,0,0,0,0,0
2017-04-30 10:00:00,Overcast,10.0,46.0,61.0,8.1,0,0,0,0,0,0,1,0,0,0,0
2017-04-30 11:00:00,Overcast,10.0,45.0,64.0,3.5,0,0,0,0,0,0,1,0,0,0,0
2017-04-30 12:00:00,Overcast,10.0,48.0,62.1,9.2,0,0,0,0,0,0,1,0,0,0,0
2017-04-30 13:00:00,Overcast,10.0,49.0,59.0,11.5,0,0,0,0,0,0,1,0,0,0,0
2017-04-30 14:00:00,Overcast,10.0,49.0,57.9,5.8,0,0,0,0,0,0,1,0,0,0,0
2017-04-30 15:00:00,Overcast,10.0,49.0,57.9,9.2,0,0,0,0,0,0,1,0,0,0,0
2017-04-30 16:00:00,Overcast,10.0,53.0,57.0,4.6,0,0,0,0,0,0,1,0,0,0,0
2017-04-30 17:00:00,Overcast,10.0,55.0,55.9,5.8,0,0,0,0,0,0,1,0,0,0,0
2017-04-30 18:00:00,Overcast,10.0,59.0,55.0,5.8,0,0,0,0,0,0,1,0,0,0,0
2017-04-30 19:00:00,Overcast,10.0,59.0,54.0,6.9,0,0,0,0,0,0,1,0,0,0,0
2017-04-30 20:00:00,Overcast,10.0,57.0,54.0,3.5,0,0,0,0,0,0,1,0,0,0,0
2017-04-30 21:00:00,Overcast,10.0,59.0,53.1,3.5,0,0,0,0,0,0,1,0,0,0,0
2017-04-30 22:00:00,Overcast,10.0,64.0,53.1,6.9,0,0,0,0,0,0,1,0,0,0,0
2017-04-30 23:00:00,Overcast,10.0,69.0,53.1,8.1,0,0,0,0,0,0,1,0,0,0,0
